Username,Repo_Name,SHA,Author_Login,Commit_Message,Date
torvalds,1590A,57ea74003002096e0a0d046ece9e8dcf1247c93b,torvalds,Merge branch 'archive-note' of https://github.com/GNUfault/1590A  * 'archive-note' of https://github.com/GNUfault/1590A:   Add archive message,2025-09-19T02:53:53Z
torvalds,1590A,a3a39a8cf8bd6cf8194adf909f906f5513a8a216,torvalds,"Update very incomplete STM32 board  I'm committing this partial work just to have the history, and because I might use this as a starting point if I take up the mixed-mode thing in the new GuitarPedal project.  It's almost certainly not worth saving, but you never know...  Signed-off-by: Linus Torvalds <torvalds@linux-foundation.org>",2025-09-19T02:47:09Z
torvalds,1590A,953bc61c694b6a2c32f9724ef7d060d075bfc2f1,GNUfault-is-on-repo-or-cz-cuz-dis-sux,Add archive message  Add archive message   Signed-off-by: GNUfault <blumatrikz@gmail.com>,2025-09-18T23:30:45Z
torvalds,1590A,eb0d867ae46c630faa2603d698cbefd03c9f4825,torvalds,"Add aggressive low-pass filter to the Daisy Seed base board output  This is from me looking at the HF noise from the Daisy Seed on the oscilloscope, and then checking what the Hothouse padal looks like.  The Hothouse actually looks really clean - kudos to Ricky Sheaves.  The reason seems to be a rather aggressive low-pass filter with the 3dB point at 22kHz.  That will attenuate some of the audio band too, but looks like it's the right thing to do considering the noise.  (Of course, the Hothouse also does an op-amp to buffer the end result. My silly discrete component board does not.  That will affect the end result too, but the output impedance should already be pretty low for a guitar pedal even without the extra output buffer).  Change the sim to have a simulated 100 Ohm impedance signal output from the Daisy Seed so that the AC simulation makes sense.  Without that this just resulted in nonsensical output filtering.  While looking at the AC response, also change the input caps to 4.7uF - I think that's what I used for the test board, and you definitely want something bigger than 0.47uF for bass response.  Signed-off-by: Linus Torvalds <torvalds@linux-foundation.org>",2025-09-09T20:57:18Z
torvalds,1590A,5c6c230fbffdc6377fcdf9b76dd76c18feb97f5c,torvalds,"Add very incomplete and broken stm32 board  The potential plan is to maybe try to actually recreate a subset of what the Daisy Seed does, and have it populated at jlcpcb.  Because I'm not excited about hand-soldering the kinds of components this will need (although so far I've picked stuff that should be doable, so maybe I change my mind and just go for a stencil).  This is probably all kinds of broken garbage.  And it's very incomplete. I've done a MCU board before, but that was years ago.  I've never done one of the stm32 ones.  Not yet done: SWD, proper USB, and the PCM3060.  And whatever else I'm missing and haven't even thought of yet.  Also, since I've picked a stm32 part that I could maybe solder at home, it's one that doesn't have enough pins brought out for SDRAM.  So I'd be limited to the internal 1MB of RAM.  Put another way: don't for a moment think that this replaces a real Daisy Seed.  That board works, was designed by somebody who knew what they were doing, and is clearly superior.  In contrast, this is me doing silly things again, in the name of trying to learn something new.  In other and more uplifting news: the dual-JFET LS844 input circuit on the base board actually does work, and seems to work very well indeed.  I've only built one board, but that one looked very linear and clean on a triangle wave all the way between 10mVp-p to 4Vp-p in the whole 20Hz-20kHz band.  In fact I checked it from 10Hz all the way up to 1Mhz.  And yes, it was recognizably a signal even at 1MHz.  Admittedly at that point it looked much more like a sine-wave and had attenuated quite a lot.  There's an intentional RF filter in the input path, so that's basically expected.  In fact that signal looked *so* good that I'm suspicious that I did something wrong.  But at 4Vp-p I followed the input and the output on the oscillosope all the way from 20Hz to 20kHz, and they looked visually indistinguishable and the signals were on top of each other from 70Hz up (20-70Hz you'd see the triangle wave bowing a bit due to AC coupling).  At 10mVp-p, you could definitely see noise, but I'm not sure how much of it comes from the actual circuits, and how much of it is from cables (ie comparing a nice direct BNC cable from the signal generator to the oscilloscope with one that goes through two guitar patch cables and the 1/4"" jacks: not exactly equivalent signal integrity).  The HF noise is maybe 2mVp-p (looks like ~1mV if I limit the scope bandwidth to 20MHz), so it's a noticeable fraction of the 10mV signal, but on the whole this still looks like my best input path by far.  The 10mVp-p signal still looks good at 100kHz (and also still recognizably a signal at 1MHz).  NOTE! That's just the input signal path when jumpered directly to the output.  When adding the Daisy Seed on the test board into the path it is a different thing entirely, of course.  *That* noise looks more like 100mVp-p, and I have to look at a 1Vp-p signal to make it really recognizable.  The Daisy Seed still *sounds* pretty good, because the noise seems to be mainly HF noise at 450kHz or something - I suspect it ends up being the 3.3V switching power supply on the Daisy Seed that presumably changes frequency based on load.  It just looks horrible on the oscilloscope, but sounds way better than any of my analog effects did.  Also, looking at the waveform, the Daisy Seed delay - without any effect active - is about 5.2ms.  That's with the Hothouse ""ShimmerVerb"" effect loaded, it might depend on some setup.  Signed-off-by: Linus Torvalds <torvalds@linux-foundation.org>",2025-09-09T20:00:45Z
torvalds,1590A,8e248bd5dfee98bd94c61d2bfd7cc15928679e92,torvalds,"Fix pcb layerselection on Daisy Seed board  I have no idea what happened, but I think this got corrupted as part of the KiCad 9.0 downgrade.  Or me just fat-finger things randomly.  Regardless, this really confused me when generating some rather invalid gerbers. It's hopefully right now.  Signed-off-by: Linus Torvalds <torvalds@linux-foundation.org>",2025-09-08T15:41:47Z
torvalds,1590A,95ff521c845aef6d8ce714510ea99adb58806dbd,torvalds,"Try attaching the Daisy Seed directly on the base board  Ok, so to fit this thing, I needed to play some games, and also get rid of the third potentiometer.  So now it only has two pots, and the Daisy Seed needs to be the unsoldered kind, where you solder low-profile pin headers to the ""wrong"" side of the board.  IOW, the Daisy Seed gets mounted upside down on the top of the base board, and then it kind of fits.  I say ""kind of"", because this is all without a stomp switch.  I haven't decided on what I want to do about that.  The switch connector is just holes for a pin header - or more likely, two wires.  I do think I should just give up on the 1950A form factor, which would make all these games a complete non-issue.  But it's not like the whole thing makes any sense to begin with, so why start being sensible now?  Signed-off-by: Linus Torvalds <torvalds@linux-foundation.org>",2025-09-07T20:58:46Z
torvalds,1590A,76e609119b7c69a8c7908b6b478f9b20d5b83971,torvalds,"Add input signal re-biasing to the Daisy Seed after all  Yes, the Daisy Seed ends up AC-coupling the input, and will re-bias it to the mid-point of the analog voltage range for the audio codec.  But thinking some more about it, I started worrying about the capacitor used. In particular, it might very well be a low-voltage one, and the dual JFET input will have a buffered output voltage in the 5V+ range.  Simulation puts the signal level centered at 7.4V, but who knows what an actual LS844 will be.  For all I know the dual JFET thing really would want more of a voltage range than a 9V positive supply and it will not work very well in real life, but we'll see.  [ I can always go back to the single MMBF5103 as an input buffer, that   worked fine and is more than sufficient for a guitar pedal -   particularly one of my design.    The whole ""let's used two matched JFET's"" is really me being rather   silly, after having seen reports of it having particularly good THD by   Rod Elliott (ESP) [1] and Erno Borbely [2].    ESP uses the matched JFET as a current source, Erno Borbely as a   current sink. Mostly it shouldn't make any difference, but I randomly   did the current sink thing. And that does end up with the signal at a   higher voltage ]  Regardless, it's entirely possible that the AC coupling on the Daisy Seed uses a capacitor that is rated for something like 6.3V, which is common for smaller SMT caps.  That would make sense, since the assumption is an incoming signal around ground, with the center of the analog voltage at 1.6V.  So my assumption that the AC coupling of the Daisy Seed would make it unnecessary to do any AC coupling on the base board signal was clearly horribly flawed.  Let's fix it.  I wonder what the next horribly flawed idea is?  Link: https://sound-au.com/articles/jfet-design.htm#s5 [1] Link: https://pearl-hifi.com/06_Lit_Archive/14_Books_Tech_Papers/Borbely_Erno/JFETS_The_New_Frontier.pdf [2] Signed-off-by: Linus Torvalds <torvalds@linux-foundation.org>",2025-09-04T19:19:09Z
torvalds,1590A,f2c7e65ae59234427a1f6a8b001d42d090d7c1e1,torvalds,"Finish down-converting a couple of the old boards to KiCad 9.0  This just does the ""load into kicad, fix up, save"" dance for the plain base board.  Also do the Octaver and compressor effects boards to check.  This finishes the conversion back to KiCad 9.0.  I think I'll just leave the other boards alone: I think I'm done with them anyway, and we'll just leave them in that zombie state for posterity.  I just wanted to check that the scripted conversion seems to mostly work for these things.  You do want to do some manual fixups for this stage: removing the use of real sound files from simulation (since it doesn't exist in released kicad/ngspice versions), updating symbols and footprints from the libraries, things like that.  Then refill the PCBs and run all the checks to make sure it all seems sane.  Signed-off-by: Linus Torvalds <torvalds@linux-foundation.org>",2025-09-04T18:21:50Z
torvalds,1590A,9d07a70cf1501c6241a09753b022f54142530fb5,torvalds,"Scripted down-conversion of the rest of the files to kicad 9.0 format  This just does the minimal conversion to make kicad-9 almost happy with the down-conversion.  It was done with this very hacky script:    files=$(git grep -l '""9.99""')   sed -i 's/(version [0-9]*)/(version 20231212)/' $files   sed -i 's/(generator_version ""9.99"")/(generator_version ""9.0"")/' $files   sed -i 's/(power global)/(power)/' $files   sed -i '/(capping [a-z]*)/ d' $files   sed -i '/(filling [a-z]*)/ d' $files   sed -i '/duplicate_p[ia][nd]_numbers_are_jumpers/ d' $files   perl -0777 -i -pe 's/\t*\(((tenting)|(covering)|(plugging))\s*\(front\s*\w*\)\s*\(back\s*\w*\)\s*\)\s//gs' $files  please don't use that on anything you care about without checking things extensively (and not on any repo with whitespace or other special characters in filenames, there's no quoting or anything: this was very much ad-hoc hacky stuff).  Note: this only makes kicad-9 able to load the files, so that they can then be properly converted by saving them from kicad 9 after doing some cleanups (synchronizing symbols, refilling pcb, yadda yadda).  Signed-off-by: Linus Torvalds <torvalds@linux-foundation.org>",2025-09-04T18:20:32Z
torvalds,1590A,09dfed07065545df6ba2ac18958142d4be2d87fc,torvalds,"Downgrade Daisy Seed boards to kicad v9.0  Since I don't do audio signal simulation with the Daisy Seed boards, let's try to downcovert to the standard kicad version to make it easier to use without having to have a self-compiled version.  Kicad doesn't make this particularly easy, I'm afraid.  Let's hope this didn't do anything bad.  It still simulates, and looks superficially ok.  Signed-off-by: Linus Torvalds <torvalds@linux-foundation.org>",2025-09-04T04:01:20Z
torvalds,1590A,2e5d557485637438dab0454d1d9a78cedf380de4,torvalds,"Create a pedal design based on the Electrosmith Daisy Seed platform  This tries to make the pedal actually useful by making the audio side use the Daisy Seed from Electrosmith [1]  I've had the board for the last six months, but up until now didn't feel ready to use it.  I even built the Hothouse pedal kit around it, and exchanged some emails with both Andrew Ikenberry (Electrosmith) and Ricky Sheaves (of Hothouse pedal from Cleveland Music Co), but never even flashed it up to test.  But now that I'm getting bored with trying variations of the basic analog base board, let's switch things up a bit and do a base board for the Daisy Seed instead.  Because assuming I don't mess anything up, it's obviously going to sound much better and be a lot more flexible than some silly analog distortion circuit from half a century ago.  [ This is just a worse version of the Hothouse pedal, using a crazy dual   JFET thing for input buffering just because the sane thing that the   Hothouse does - using a much cheaper and more capable op-amp - feels a   bit boring.    So unlike the Hothouse, this is a mono board and objectively less   useful. Go get the real thing from [2]. This is just another board in   the endless series called ""Linus is trying new ways to do pointless   things"" ]  So this takes my traditional base board, turns it around so that the power and audio connectors go on the bottom of the board, and puts the control pots on the top side.  That way all the mechanical hardware is on the base board.  I think this is what I probably should have done originally, but it forces a fixed layout for pots and switches, which didn't appeal to me in the original design, because the pot connections depend on the effect.  However, since the enclosures are such a pain, a fixed layout is actually probably a good thing, and with the Electrosmith Daisy Seed, the pots are all connected the same way - as resistor diviers to ADC inputs.  And since this puts all the mechanicals on that base, the effect board now has a lot more space.  Which wasn't an issue with the original trivial effects, but now that I'm trying to fit the whole Daisy Seed on that thing, it suddenly becomes a major issue.  Will it fit? Naah - the Daisy Seed board is just too high in the Z dimension. But I'm thinking about it. There's a distant plan.  This also updates the 1590A footprint for the new fixed 3-pot layout and for the new board connector placement. And incidentally also fixes the location for the LED and the switch that had been moved in a long time ago.  The effects board then pretty much just connects the pin headers from the connector board to the Daisy Seed. There's a capacitor in there too, but that's literally it.  This does it all with a custom Daisy Seed symbol and footprint.  There were already versions of that in the KiCad libraries, but I'm not a fan. The standard KiCad version has the whole Daisy seed as a keep-out area, and I want to be able to put low-profile things under the board without DRC complaints.  My custom one also ends up just using the Hothouse pin names (so ""POT1"" for the first potentiometer, rather than GPIO16/ADC1). So it's a bit clearer what is going on by being specific to my particular use.  Link: https://electro-smith.com/ [1] Link: https://clevelandmusicco.com/hothouse-diy-digital-signal-processing-platform-kit/ [2] Signed-off-by: Linus Torvalds <torvalds@linux-foundation.org>",2025-09-03T20:30:54Z
torvalds,1590A,f5717f48f6fcf7092f570a550e214178bfe3bfa5,torvalds,"Try LDO for positive voltage rail cleaning  As mentioned, I don't think I'll actually build this, because it seems pointlessly complicated.  But I did the basic design and layout for it just in case.  I think I'll go back to the single-rail design and keep the MOSFET switching.  I also think I need to come up with a new project.  I'm kind of running out of ideas of small projects to do that I can build and test.  I like the switching circuit, but I'm losing interest in the effects board side since I still can't actually play guitar.  Signed-off-by: Linus Torvalds <torvalds@linux-foundation.org>",2025-08-29T01:48:11Z
torvalds,1590A,3ff47dcfd40d67184148e9249fa4d7128b0b92bc,torvalds,"Add AP2202-ADJ LDO symbol to my parts library  I don't think I'll actually end up using this, because the negative voltage generation just ends up being more pain than it is worth, but I think I'll do one last test-run of things with a nice linear voltage regulator to make that positive rail more solid.  I've been here before: I'd like to have a dual rail voltage for so many reasons, but the end result is just rather noisy.  Not just on the actual negative rail, but on the incoming positive rail too.  The dual inductor thing does seem less noisy than most, but it still requires just more work.  Even the traditional charge pump wasn't great.  It's all fixable, but the fixes tend to end up making things more complicated than simply rebiasing the signal to the middle of the positive rail.  This is made much worse by the whole ""modular base and effects board"" approach I have taken: it means that the base board then always ends up being overly complicated, when the effect board may not need a negative rail at all, or may not need very much power at all.  In fact, it might not need the signal being re-bias back to ground because in many cases the effects board will rebias the signal anyway.  So this is all self-inflicted pain.  But I'll continue doing this simply because I'm trying things out, and certainly learning things in the process.  I do note that my plain base board is very simple and works really quite well, but does rely on clean power input.  So it wants a good low-noise guitar pedal power supply.  Which is admittedly not that hard to find, and kind of expected for most guitar pedals.  I then mess things up with my own power supply games.  But here we are: add a LDO to allow cleaning up the mess that generating that negative rail results in.  Signed-off-by: Linus Torvalds <torvalds@linux-foundation.org>",2025-08-28T22:48:18Z
torvalds,1590A,245f7595e13c3b63c0932ca9b03752df6ab3114d,torvalds,"Update the buffered base board  The JFET switching worked fine, but since this all started as an exercise in using MOSFETs, let's just go all in on that, and use the MOSFETs for switching the signal too.  Due to the body diode, you need two MOSFETs in series for the signal switching, so it's four MOSFETs instead of two JFETs, but despite that the end result is actually simpler.  And those dual MOSFET things are common and dirt cheap, unlike the special matched JFET package.  Since I can just continue to use the dual complementary MOSFETs, I can use PMOS for one signal and NMOS for the other, and share all the gate circuit.  Plus no need for a diode to protect the gate current messing with the signal.  Also update the resistor value in the switching circuit and make the time constant be 100ms.  That seems to make it more reliable in testing, although I'm not convinced my testing with the original value was all that great.  The soft-switch circuit does seem to work, though.  Also, since the LED pin on the board connectors has never been used, let's just re-purpose that as a negative voltage pin for the effect board.  If some effect board wants to touch the LED status, it might as well just connect to the LED itself.  Having access to a dual voltage rail would seem to be a lot more important.  Finally - and probably most importantly for actual sound and current effects boards - add a low-pass filter on the voltage lines.  Because as expected, the negative power supply did add a lot of noise to the VIN line.  The base board itself doesn't actually care, but the effects boards do.  An actual LDO would be better, but I don't have any simple fixed ones in my parts library (except for the 5V one, which seems a bit sad). Current effects boards don't use a lot of current and only care about the voltage being stable, so let's try this simple model.  Signed-off-by: Linus Torvalds <torvalds@linux-foundation.org>",2025-08-27T18:43:17Z
torvalds,1590A,88673d25073955f30435f737563a38ea9d4aead8,torvalds,"Buffered base: use negative rail for JFET switching  This _still_ doesn't do any actual buffering, but with the negative rail, we now no longer need to rebase the signals to some mid-point voltage, and we can just leave the signals ground-references and use the negative rail for switching.  That streamlines the signal path, and will make it easier to just insert an opamp or two in there too.  But I remain more interested in getting the switching side sorted out properly, so that's the primary goal here.  This tweaks the push-on push-off circuit a bit too, since taht one now needs to switch between positive and negative voltages rather than VIN and ground.  Signed-off-by: Linus Torvalds <torvalds@linux-foundation.org>",2025-08-20T17:20:47Z
torvalds,1590A,0b63442c4bea3f725743b49470d860dca25431ac,torvalds,"Add negative power rail to the buffered base design  The negative voltage isn't actually _used_ anywhere yet, but this is prep-work for making that buffered base board do the long promised buffering, as I'm currently leaning towards opamps.  The LT3462A is very easy to use, but in a probably completely misguided attempt at keeping any stray ground return currents on the power supply side, I added a ground plane keepout.  No isolation, but an attempt to at least make the easy path for any return currents to stay in that ""power supply area"" and hopefully not show up around the analog parts.  Somebody who knows what they are about would probably tell me I'm just making things worse.  But I'm a sw engineer, so pretty much by definition I don't know anybody who knows what they are doing.  Signed-off-by: Linus Torvalds <torvalds@linux-foundation.org>",2025-08-19T18:43:04Z
torvalds,1590A,4bda7bcb3de6513e2cb90b4d301b8fa22e1f8b0d,torvalds,"Add LT3462A symbol  I'm going to experiment with a negative power rail one more time, and in the LT3462A I found a DC/DC converter that looks a lot more pleasant than the ones I've tried before.  Not only is it a nice TSOT-23-6 footprint, but it has an integrated schottky diode so it's easy to use.  And it's a fixed frequency dual inductor inverter design, so it should be reasonably quiet in the audio frequency.  I'm not planning to bother with LDOs to clean up the power rails, because the reason for the power rail would be the op-amp for buffering, and the PSRR of any quality opamp should make it all irrelevant.  I dunno.  Every time I've tried this, it's just been noise hell, so this is probably a bad idea.  Even when you can't actually _hear_ the noise, it ends up just messing with the signal on the scope and making it harder to judge whether the circuit is doing well or not.  But I keep trying.  What was the definition of insanity again? I forget.  Signed-off-by: Linus Torvalds <torvalds@linux-foundation.org>",2025-08-19T18:05:35Z
torvalds,1590A,17f58eb621068fc07604c08a67e96cacadbc6b5c,torvalds,"Split the buffered base over multiple schematic pages, do PCB layout  So this thing is still mis-named, in that it doesn't actually buffer the signal at all, it only does the transistor soft-switching.  But I _will_ add buffering at some point, it's just not the interesting part of this all, since I've done that part before.  But because I wrote explanations for the push-on / push-off circuit, and because I split things up into small parts, the schematic was getting pretty crowded.  So I decided to split up the actually interesting part of the schematic - the switching side - onto a schematic page of its own.  And while doing that, I moved the simulation infrastructure to its own page too.  That leaves the toplevel page pretty empty with mainly just the connectors and the basic signal and power filtering, but that's where the buffers will go eventually.  And because it simulates fine, I want to actually see if it works in reality.  So this also does the PCB layout.  There's tons of room left for any future buffering circuit, whether I then do it with discrete JFETs or decide that op-amps are the sane thing here.  I used a random regular tactile switch - which I don't actually have in my parts library.  I'll just wire up two wires and test it that way (and I do have some momentary SPDT stomp switches around that I can attach to the wires).  But longer-term, one of the points of this kind of electronic switching is that you can do it multiple ways, and aren't limited to a physical switch - or indeed just a single one.  So maybe I'll do some remote switching thing, or play around with using a hall effect sensor and a magnet, or whatever.  There are always new things to learn about...  But let's make sure the basics of this thing actually works first.  Signed-off-by: Linus Torvalds <torvalds@linux-foundation.org>",2025-08-18T16:21:11Z
torvalds,1590A,2161ab88ca723f17d29b7abdb9856e0c2723675e,torvalds,"Buffered base: add RF filter after JFET switches  It turns out that getting rid of the switching pop seems to be as simple as that.  Maybe time to do PCB layout and see if reality matches simulation?  I do think I should do the buffer that this doesn't do despite the name. That was the intent, but then it worked so well without it..  An op-amp would be the sane thing to do, but since I've been on a ""discrete components"" tear, I suspect I'd just do a JFET voltage follower.  But then I feel like I should make up for the inevitable signal loss. Or use a common source thing that does a phase reversal? That seems wrong too.  Perhaps do another dual JFET for a common source both at input and output?  Decisions, decisions.  Anyway, this doesn't do any of that.  This just gets rid of the switching pop in simulation.  Signed-off-by: Linus Torvalds <torvalds@linux-foundation.org>",2025-08-17T22:02:00Z
torvalds,1590A,e7c38a0b4187543798f6b8ab08c4f36af1a91542,torvalds,"Wire the soft-switch up to actually switch signal and LED  Surprisingly, this actually seems to work fine.  In simulation only, of course.  And not surprisingly, according to the same simulation, it has an impressively horrible pop at switching time.  This very much reminds me of the broken ""Tremolo doubling as a metronome"" thing, which was due to the exact same thing: very harsh and sudden driving of the JFET gate.  It's made worse by the MOSFET switching having the same thing.  Big voltage spike when turning off, presumably due to capacitive parasitics or whatever.  Possibly helped by adding a resistor at the gate or something, but unlike the tremolo, the switching event is rare.  So right now I simply don't care.  I'm just _simulating_ switching things at a 5Hz rate, so it shows up like a sore thumb.  I haven't done layout, and I haven't added a real switch yet, so this is all just simulation.  Signed-off-by: Linus Torvalds <torvalds@linux-foundation.org>",2025-08-17T17:34:49Z
torvalds,1590A,b9552bb1129fca7fc325262b58d88be0a891a7f3,torvalds,"Add the beginnings of a dubious buffered base board  As part of looking at what I should try to use my MOSFETs for, I decided I should finally look at a soft-switch buffered base board.  This is not it, but it starts with a very dubious push-on push-off MOSFET circuit.  I doubt it really works, even if it simulates beautifully.  But I don't simulate any debounce issues etc, although I don't see why it wouldn't deal with that too.  All the real push-on push-off circuits I've seen are more complex than this, which is the main reason why I doubt that my simple circuit really works.  It's a bit *too* simple.  Everybody uses some flip-flop and/or schmitt trigger or other fancier things.  But hey, maybe my google-fu is weak and I just didn't find the right thing and there are even simpler ways to do this.  Plus I admittedly came at this from an odd direction of ""what can I do with discrete MOSFETs"".  Sane people don't do that.  Anyway, the basic of the push-on push-off circuit is - as always - a capacitor that alternates between being discharged and charged up.  Then two transistors that reinforce each other's state.  In this case, the capacitor is connected to the gate of the PMOSFET through the momentary switch.  So if you press the switch and the capacitor was discharged, the PMOSFET starts conducting, while if you press the switch and the capacitor was charged, the PMOSFET turns off.  The rest of the circuit is just the complementary NMOSFET that then follows the PMOSFET state and re-inforces whatever state it was in, and the resistors to make it all work sanely.  The only important thing is to make sure the resistors have sane values to not do bad things while the switch is pressed.  It all simulates ok, and I don't see why it wouldn't work.  Anyway, this *only* does that silly push-on push-off logic.  It isn't actually hooked up any way yet.  Not even the LED to show the state, much less any JFETs to switch the actual signal around.  Signed-off-by: Linus Torvalds <torvalds@linux-foundation.org>",2025-08-17T14:58:31Z
torvalds,1590A,2755a4e06e3bacd9916b67b1d7e4c6f3c399c423,torvalds,"Add a few dual MOSFET symbols  So I think I mostly understand JFETs, and I did BJT's earlier, so now it's time for some MOSFET love.  Sure, I've used a P-channel MOSFET for the high-side power thing, but that's still just trivial switching.  I need to learn the whole small-signal AC thing and biasing etc.  And since I like the dual transistor form factors, and TSOT-23-6 is about the right size for me, here's three different ones:   - DMN3060LVT: dual N-channel MOSFET  - DMP3164LVT: dual P-channel MOSFET  - DMC3071LVT: dual complementary MOSFET  all three are fairly similar: 30V breakdown voltages, capable of a couple of amps.  The complementary one is a bit beefier and has slightly higher V_{TH} values, but we're still looking at roughly the same kind of thing.  Let's see what I can do with these.  I didn't actually pick these based on any sane and deep characteristics, they may be entirely the wrong thing, but that's what we're going to find out.  Signed-off-by: Linus Torvalds <torvalds@linux-foundation.org>",2025-08-15T20:45:30Z
torvalds,1590A,ef2035e7ea8add16c300c4e625d2bc0302478158,torvalds,"Update compressor PCB layout too  This does the new trial matches JFET thing as a board layout too.  I'm really not convinced this was worth it, and the routing and layout are a bit of a mess, but it's all part of the whole learnign experience, and I do want to see if the self-biasing thing actually works in real life or it just happens to look ok in simulation with the particular simulation values.  .. and the usual noise from KiCad inexplicably changing randon things when looking at files.  Signed-off-by: Linus Torvalds <torvalds@linux-foundation.org>",2025-08-15T15:00:11Z
torvalds,1590A,cc0a4e7f40660a5f8846436fdd00e37ccf6699bf,torvalds,"Compressor: base the compressor level voltage on matched JFET  This is an attempt at basing the compression level voltage on the matched JFET, making the level knob hopefully more reliably sane in the face of different JFET characteristics.  I'm not entirely convinced I shouldn't just use a trim pot, but I do think this is a more interesting approach.  It basically picks the base voltage from the self-biasing voltage of the matched JFET, guaranteeing that the level voltage pot starts close to V_{GSOFF}.  The level pot is then basically controlling the DC bias on top of that.  This also tries to make the actual attentuation circuit clearer and hopefully better.  Both the JFET drain and source are biased to the compression level voltage, while the base is biased to the signal peak detector (the somewhat mis-named ""RECT"" net).  The source then also gets the signal, and when V_{GS} gets close to zero (ie RECT gets close to LEVEL) the JFET starts conducting and the AC signal is attenuated through the JFET to the capacitor to ground at the drain.  The base gets half the AC signal (on top of the DC peak bias) as before to minimize distortion (ie the AC signal at the base is halfway between the AC signal at source and the lack of AC signal at drain).  This all seems to still simulate well, and the behavior of the level pot seems to mostly make sense.  How well it works with actual random JFET characteristics and whether the matching model works, I don't know.  I still need to actually lay out the PCB, but I think the schematic is getting closer.  Signed-off-by: Linus Torvalds <torvalds@linux-foundation.org>",2025-08-14T23:14:25Z
torvalds,1590A,56cb0992694644a17913754557ccb86417a59515,torvalds,"Update compressor for the LS844 dual JFET  This is just a quick conversion, not using the matching, just using the LS844 as two independent JFETs.  Because I_{DSS} is lower, the source resistor on the input buffer is bigger, so that if I_{DSS} is just 1.5mA the voltage drop over the resistor can go up to 3.5V.  Similarly, tweak the limit resistor values to give a bigger limit voltage range for the bigger V_{GSOFF} range of the LS844, and make the negative feedback resistor divider bigger to account for higher R_{DSON} of the LS844.  Also remove the partial bypassing of the amplification emitter resistor, since the high-frequency damping of the plain base is no more.  Although maybe it wants a brighter sound?  This seems to simulate ok, although the compression is certainly not identical to the version with the MMBF5103.  That may be real, or may be just different spice model default values and swamped by JFET variations.  Anyway, I'll eventually try the ""use self-biasing using the matching JFETs to do automatic levels"" eventually, but first I wanted to do the minimal conversion and verify that at least the LS844 model seems to be ok before doing any bigger surgery.  NOTE! This doesn't update the PCB layout for the changes.  Just doing the schematic and simulation checks.  Signed-off-by: Linus Torvalds <torvalds@linux-foundation.org>",2025-08-14T17:06:51Z
torvalds,1590A,136b61ceffb1c02d5ef9aea74f8ac9ce6126f28b,torvalds,"Update the plain base to have a 1k RF resistor  That's what the text on the silkscreen said, but I had tested with a 10k resistor (for a 72kHz low pass filter).  But I think it's safer to really only filter out RF (3dB at 723kHz), so make it actually match the text.  Signed-off-by: Linus Torvalds <torvalds@linux-foundation.org>",2025-08-14T16:48:01Z
torvalds,1590A,30463a9e9332bffd9202bd0554d3df4879b09521,torvalds,"Add LS844 dual matched JFET symbol  I'm not loving the JFET level tuning in the compressor pedal, so I have the glimmers of a plan.  Using a dual matched JFET I think I can use self-biasing on one of the JFETs to get it into the interesting region, and then use the resulting source voltage as the level voltage.  Will that work? Who knows, but this adds the symbol and the simulation data for it so that I can try it out.  It sounds a bit wasteful to use one JFET just for that, but I've liked the other dual transistor parts, so maybe I'll use this one for other things too where I just want two JFETs even if I don't care about the matching.  The LS844 seems like a perfectly cromulent JFET to use in general, with a reasonable V_{GSOFF} range (-1...-3.5V) and I_{DSS} (1.5...15mA).  Compared to the MMBF5103, it has lower I_{DSS} and a slightly larger V_{GSOFF} range, but if the matching helps with the variation the latter should be fine.  If I read the datasheets right, the on-resistance of the LS844 seems to be rather higher in the 100-200 Ohm range.  That too seems ok, but may need tweaking when converting a circuit.  Signed-off-by: Linus Torvalds <torvalds@linux-foundation.org>",2025-08-14T16:06:24Z
torvalds,1590A,44cd79c051989394d5529a2a4ec4d6562956a6fd,torvalds,Compressor: More kicad file noise  This just re-annotates the schematic and undoes the workaround for the kicad bug with crossed wires that has now been fixed.  Link: https://gitlab.com/kicad/code/kicad/-/issues/21480 Signed-off-by: Linus Torvalds <torvalds@linux-foundation.org>,2025-08-13T22:11:36Z
torvalds,1590A,dc92304617b7654d93333e5080c75c6db7fd6112,torvalds,"Octaver: file noise due to kicad version update  This also works around a bug in this pre-release of kicad: four wires in the schematic that meet in the middle have their connections removed, so you end up with two crossing wires rather than four connecting wires.  Quite annoying, but for now the workaround seems to be to just never have a join of four wires coming together, but do two three-wire connections.  I'm sure it will get fixed soon in Kicad, but I have been tracking random daily source versions and rather than downgrade to a working version, I'm working around this misfeature.  Signed-off-by: Linus Torvalds <torvalds@linux-foundation.org>",2025-08-12T22:44:42Z
torvalds,AudioNoise,55561561d85d947e434b6e8d5205cb8e9a38cd10,torvalds,"Effect interface update  This updates the effects to the form my microcontroller project is currently using:   - move the effects headers into a 'audio' subdirectory   - use a more complete 'struct effect' model with pot descriptors   - updated and extended math helper routines  This updates a few core effects, brings a few others in from the microcontroller code (boost / pitch), and removes some others that were either pointless (fm/am signal generation) or didn't sound great or weren't very educational (pll / growlingbass / distortion / tube).  Signed-off-by: Linus Torvalds <torvalds@linux-foundation.org>",2026-05-07T16:16:35Z
torvalds,AudioNoise,6a6daef2f4d724f5f36a610f66db9644c0173771,torvalds,"Add ""chasing tone"" effect  All great guitarists have at some point wondered ""what would it sound like if I was accompanied by a scurry of insane chipmunks - with tiny tiny bagpipes?""  Jimi Hendrix wondered.  The closest he ever came was the Roger Mayer Octavia together with the Univox Uni-Vibe, and he turned to drugs to fill that empty spot in his soul from never having found that perfect tone.  And Plato spent five years in a cave - it wasn't an allegory - together with a family of chipmunks, trying to teach them to play the bagpipes in order to find true knowledge and understanding.  He too failed in his search for that perfect tone, and ended up giving up on electric guitar entirely.  Today known mainly for his philosophy, with few sources even mentioning his bloody hands from trying to sew tiny tiny bagpipes.  Wonder no more.  Signed-off-by: Linus Torvalds <torvalds@linux-foundation.org>",2026-02-26T18:49:12Z
torvalds,AudioNoise,3a6b51032da587e5d2e269515f3dc21c96da15c4,torvalds,"growlingbass: fix abs() confusion, use fabsf()  I've made the mistake of using abs instead of fabs, here is a quick fix.  [ Updated to fix both places, and also to use 'fabsf()' which is the   proper one that avoids double conversions - not relevant on a real   computer, but visible on microcontrollers with hardware support only   for 32-bit floats  - Linus ]  Signed-off-by: Philippe Strauss <catseyechandra@proton.me> Signed-off-by: Linus Torvalds <torvalds@linux-foundation.org>",2026-01-25T11:07:56Z
torvalds,AudioNoise,4c8b6fae7cf144b9fdf093d7faf13c160718fb02,torvalds,"warn about implicit floating point to integer conversions  This got disabled when I had to disable '-Wdouble-promotion' due to it being practically unavoidable with variadic functions.  But while '-Wdouble-promotion' wasn't practical, I should have kept '-Wfloat-conversion' around.  Yes, it requires a few manual casts for out hacky 'pow()' usage that I'll need to fix for the actual real-time microcontroller case, but those are good to have anyway, not the unavoidable issue with the calling conventions.  That makes a couple of bugs in the growlingbass implementation obvious.  Signed-off-by: Linus Torvalds <torvalds@linux-foundation.org>",2026-01-25T17:26:14Z
torvalds,AudioNoise,e5593818ba670ae21b87dac7c53a06c40b3676c2,phstrauss,Add 'growlingbass' effect  A growling/purring bass effect with a sign flip one period over two for subharmonic generation and split odd/even order distorsion.  Simpler than what has been discussed on github repos and very effective.  Signed-off-by: Philippe Strauss <catseyechandra@proton.me> Signed-off-by: Linus Torvalds <torvalds@linux-foundation.org>,2026-01-22T18:54:07Z
torvalds,AudioNoise,f434a0e28a64664b7281fd99b21109ff562eefaa,torvalds,"Add random 'tube' model  It's broken and has only a very fleeting association with anything that would be a tube, but I'm committing it just as an example and 'something like this'.  I'm pretty sure I'm doing very wrong things with the FIR filter, but it works (modulo that random multiplier hack) with at least one amplifier impulse file (converted to raw format).  And when I say ""works"", I mean ""makes something that sounds like guitar"".  I'm not sure the sound actually matches what it should sound like, and how much that FIR thing really matters.  Signed-off-by: Linus Torvalds <torvalds@linux-foundation.org>",2026-01-22T19:33:07Z
torvalds,AudioNoise,ea71138dee02b17df108889acbd7e686ba645b78,torvalds,"convert: add somewhat realtime control interface  This is pretty raw and stupid, but I wanted to try changing the conversion parameters on the fly with a ""control file descriptor"".  This is currently very limited, and doesn't have an interface for switching the effect itself at runtime (like I do on the hardware: long-press the foot-switch for one second), but at least allows for sending ""pot commands"" to change the pot values dynamically.  The format is a five-byte ASCII packet of 'pXYY\n', which sets put X to value YY (X being in the range '0'..'3', and YY being '00'..'99').  Why that format? Because right now the only testing I've done is from the terminal, doing something like this:      $ ./convert --control=0 phaser input.raw |                 aplay -c1 -r 48000 -f s32 -B 100  and then you can just type in those commands at the terminal by hand: the ""--control=0"" is the magic that says that fd 0 is a control channel.  Very combersome, very stupid, but hey, it works.  Note that I'm back to using 'aplay' for this, because with ffplay the latency is absolutely horrible.  Something like three seconds of audio later does any pot command take effect, because ffplay has slurped in a lot of data into its input buffers.  In contrast, with 'aplay', the effect is basically instantaneous, particularly with that ""-B 100"" that keeps the buffering to a very reasonable 100ms.  If there is a flag for ffplay that makes it not buffer input very much, I haven't found it (and yes, I tried the obvious ones, but no, I didn't do any exhaustive search since aplay works fine for me).  It should be very possible to wrap a UI around this, and I should also add some command to switch the effect at runtime too.  Signed-off-by: Linus Torvalds <torvalds@linux-foundation.org>",2026-01-18T03:18:26Z
torvalds,AudioNoise,4cfbb04cbbc1e30c36bab3331f3fa95a07b9b431,torvalds,"convert: start parsing arguments more flexibly  In particular, allow default pot values (all at noon), and specifying input and output files rather than always doing stdin/stdout.  And no, this is still not all that smart, but it is at least a tiny bit more flexible than it used to be, and the Makefile has been updated accordingly.  Also, when F_SETPIPE_SZ is available, use it to limit the buffering of the output if it's a pipe.  That, together with the very limited buffering by 'make_one_noise()' should make this somewhat real-time if the target i sreading a pipe and doesn't have huge input buffers.  Put another way: if I add interfaces to modify the pots concurrently, that hopefully actually takes effect in a timely way.  Signed-off-by: Linus Torvalds <torvalds@linux-foundation.org>",2026-01-17T23:46:30Z
torvalds,AudioNoise,316f25590aedd94bbc1d0855d5d6c135251c4503,torvalds,"Update effect definition interface  Add a 'description' callback for printing pot meaning, and pass the pot values as an array to it and to the init function.  This makes the interface a bit cleaner, but also means that we can now use the same structure as the RP2354A hardware does: call the '->init' function multiple times as the pots may change during playback.  The pots don't actually change during playback - yet - but this starts the restructuring.  Signed-off-by: Linus Torvalds <torvalds@linux-foundation.org>",2026-01-17T22:55:42Z
torvalds,AudioNoise,1d00ac1a92caf4d134bfe7aa0e6559747877e351,torvalds,"Refactor visualize.py to use native sample units and improve slider  Dynamically visualize the X axis in different modes, making the raw sample data the core internal data.  This is similar to how we format the Y axis.   - Switch internal logic (view updates, data loading, panning) from    seconds to sample indices (integers) to match the underlying data    structure   - Add 'Samples' vs 'Time' X-axis mode toggle using RadioButtons   - Update X-axis FuncFormatter to display either integer samples or    seconds based on selected mode   - Overhaul slider logic to dynamically switch ranges and formats:     - In Time mode: Range [0, Duration Seconds], Format '%.3f s'     - In Samples mode: Range [0, Max Samples], Format '%d'   - Make the slider be a range slider rather than just showing where the    current audio window plot starts  This was more antigravity with hand-holding and some manual edits.  Also just update the initial window size to the full audio size (ok, still limited to one hour), since it's now no longer a performance issue at least with the test file I have.  Knock wood.  Signed-off-by: Linus Torvalds <torvalds@linux-foundation.org>",2026-01-17T21:12:54Z
torvalds,AudioNoise,ed2e0c158af2f9fa572e667378e89cecb2fb9561,torvalds,Optimize visualize.py for large datasets  Speed up plotting (courtesy of antigravity) to the point where you can reasonably zoom out to fairly long audio files:   - Implement downsampling based on MAX_PLOT_POINTS to avoid    over-plotting massive datasets   - Pre-allocate time axis and index buffers to eliminate transient    float allocations during zoom/scroll operations   - Use in-place numpy operations for coordinate generation   - Remove arbitrary MAX_WIDTH_SEC limit and instead clamp zoom    to the actual data duration   - Fix backwards compatibility issue with np.linspace by using    np.copyto and a pre-computed index buffer  Signed-off-by: Linus Torvalds <torvalds@linux-foundation.org>,2026-01-17T19:16:14Z
torvalds,AudioNoise,33b66fa9084bfbf1787f4663b72dc0652d831697,torvalds,tests: clean up naming and update gitignore file  Signed-off-by: Linus Torvalds <torvalds@linux-foundation.org>,2026-01-17T19:11:15Z
torvalds,AudioNoise,c05b03cdf3da0d005bcca106e1e3bb4d624fc2a6,torvalds,"Get rid of too random ""helper"" functions, tweak pot behavior  Let's avoid the fastpow() helpers as much as possible, because they end up acting too randomly outside their proper ranges.  I'll have to come up with something better for actual hardware, but for now, let's pretend that we have a good ""pow2()"" function, and make it do the exact thing for simulation for now.  And for frequencies, where we don't want a linear function (because human hearing response is basically logarithmic) let's use a helper macro that gives reasonable values: 220Hz to 6.5kHz with the pot centered giving exactly 1kHz.  A simple cubic function gives a somewhat reasonable curve.  This all makes the pot values much less random.  Signed-off-by: Linus Torvalds <torvalds@linux-foundation.org>",2026-01-17T18:08:33Z
torvalds,AudioNoise,ca23617ddd4879c84aa65228891f0a25a3e6e21f,torvalds,"Add verification of fastsincos() results  Since I noticed I had gotten the cos part wrong, let's just make sure it doesn't happen again.  Also a good idea to verify the conversion to fixed point.  Signed-off-by: Linus Torvalds <torvalds@linux-foundation.org>",2026-01-17T01:29:29Z
torvalds,AudioNoise,677ff907685b564beb5cbc1be3d70f4e51a5a8c7,torvalds,"Fix the 'cos' part of fastsincos  The linear interpolation was just broken, and I had never noticed.  It interpolates between the wrong indexes when it reverses the phase for the cosine part.  I had tested the code, but the errors were small enough to not be glaringly obvious because this is all just ""fix the values in between the table lookup entries"".  Fixing it takes the max error down from 4.5 digits to 5.3 digits (so accuracy goes from about 15 to about 18 bits), and _maybe_ that might show in some instability in the biquad calculations, but it's likely all entirely in the noise.  Noticed not because of any numerical errors, but when going ""Hmm"" when converting this all to pure fixed point math.  Signed-off-by: Linus Torvalds <torvalds@linux-foundation.org>",2026-01-17T00:04:49Z
torvalds,AudioNoise,60f199a1eb40e76649dff0d5db65ec5cf9a763c5,torvalds,"Fix bad phaser pot ranges  The phaser pot ranges were bad, and resulted in attempting a max frequency of 100kHz at the extreme range, which obviously doesn't work at all for audio.  It was a combination of ""extreme octave range for testing on a noisy airplane"" and just not thinking too much about the center frequency in the first place.  Make the pot ranges less crazy.  They are still entirely arbitrary, but at least the extreme frequencies should now be within the audio range.  Fixes #59  Reported-by: Akihiko Shirai (@kaitas) Signed-off-by: Linus Torvalds <torvalds@linux-foundation.org>",2026-01-16T17:33:31Z
torvalds,AudioNoise,745e79b0ef279d98ae8f2ef450bf7d7b9abb13f4,torvalds,"Update visualize.py: use raw int32 data, just scale the Y axis  Not only should this be more efficient by not unnecessarily converting the underlying data, but it makes it easy to visualize the data any which way you want.  Add a radio button to pick between ""Raw"" data (hex representation), ""Scaled"" (the -1 ..  1 floating point range that we use interally) or ""Volt"" (for an approximation of the actual signal level voltage).  The ""Volt"" mode is now the default, and assumes that the signal we're viewing is basically a line level signal at 1 Vrms (aka ""0 dBV""). That's what the TAC5112 unbalanced full-range input is (and my signal generator and oscilloscope agrees).  [ This was a mix of Google Antigravity and me ]  Signed-off-by: Linus Torvalds <torvalds@linux-foundation.org>",2026-01-15T23:12:32Z
torvalds,AudioNoise,d76b3178cd87b5b689671f4fb4b2d504fe716072,torvalds,"Clean up integer type system a bit, and prep for extensions  I had started out using 'uint' because that came from the pico sdk and seemed to be common there, but it's a horrible type that doesn't really specify the size and is just a lazy form of the standard types.  And for historical reasons I despise 'uint32_t' and friends: it may be universal now, but it used to be one of those things where system headers didn't reliably have them, so you ended up with #ifdef's to do your own versions anyway, and it was all just unnecessarily painful.  So I'm ornery, but I'm used to the kernel types that are nice and short and simple: 'u32' and friends.  Let's just use them.  And because the target hardware (RP2354A with dual Cortex-M33 cores) should have a fast 32x32->64 integer multiply with accumulate, I'm considering doing some fixed-point ops in paths where the 32-bit floats aren't necessary, and would avoid the type conversion overheads.  So I'm adding the s64/u64 types too in preparation for that.  It's possible that I should just do all of the LFO as 32-bit fractional integers (it already largely is).  Maybe even use fixed-point for the biquad code, which is what the TAC5112 does internally.  That would give higher precision than using floats thanks to a bigger mantissa, but with the caveat that the range would be very limited and would require a lot of care.  Signed-off-by: Linus Torvalds <torvalds@linux-foundation.org>",2026-01-15T18:49:32Z
torvalds,AudioNoise,2a4f19102e2af9b67b36f96b0b6c3839d0c1fe9f,torvalds,"Add first cut at some noise gate logic  It's hardcoded in order to not depend on pots that are then used for the real effects.  Put another way: this is more a conceptual thing that a real proper noise gate.  But I have ported this to the RP2354A board and tested it on real hardware with a guitar, and it doesn't cause popping for me and does do something.  But that's obviously because it's been tuned for that setup, so YMMV. Popping noises were definitely heard with an earlier broken approach.  Signed-off-by: Linus Torvalds <torvalds@linux-foundation.org>",2026-01-15T01:21:24Z
torvalds,AudioNoise,6c5947a3029770494a230987d364b13cf2578e43,torvalds,"Abstract out the initial and final integer sample processing  This is partly just to clean the code up, but partly to also do the signal magnitude processing independently of the 'magnitude' effect, and do it using cheap integer operations at the initial sample processing stage.  The reason for that is that I'll do at least a noise gate.  Maybe a compressor.  [ NOTE! This decay is intentionally much more aggressive than the   previous random decay was, so the 'magnitude' effect is *not*   identical to the old one.    Both old and new decays are just random values, they don't have any   real meaning, this new 60ms one was what I picked when I was testing   some noise gating. The noise gate part I'm still thinking about ]  Signed-off-by: Linus Torvalds <torvalds@linux-foundation.org>",2026-01-15T01:13:11Z
torvalds,AudioNoise,cc47b99f07dbf371db02d289b543c29dc17dc088,flaukowski,"Add a distortion/overdrive effect with clipping modes and tone control  Parameters:   - pot1: drive/gain (1x - 50x)  - pot2: tone filter cutoff (1kHz - 10kHz)  - pot3: output level (0 - 100%)  - pot4: mode (0-0.33 = soft, 0.33-0.66 = hard, 0.66-1 = asymmetric)  Uses the existing biquad LPF for tone control.  Asymmetric mode approximates tube-amp even-harmonic distortion.  Signed-off-by: The Hand <nikolaiflaukowski@gmail.com> Signed-off-by: Linus Torvalds <torvalds@linux-foundation.org>",2026-01-12T18:21:52Z
torvalds,AudioNoise,14d82b4a372f62e7f19cb57de856ac1901f94d08,torvalds,"Fix flanger debug output printing wrong values  Both the delay and feedback printouts were wrong due to excessive cut-and-paste and some random changes over time.  @NickFlach reported the feedback case, but apparently missed that the delay value printout was also wrong ;)  Signed-off-by: Linus Torvalds <torvalds@linux-foundation.org>",2026-01-14T07:03:43Z
torvalds,AudioNoise,384d05685966fae1d8eb3e39b32ad58b959c42ed,torvalds,"Don't use the ""canonical"" biquad direct form 2  It may be canonical, and use less state, but testing does seem to show that the floating point instability is a very real issue.  When testing a low-pass filter on some loads, DF2 caused nasty extra noise.  Maybe there are mitigations for it, but since DF1 worked better for the phaser too, let's just give up entirely on supporting both forms and purely use DF1.  It's not really noticeably more expensive, and clearly behaves better.  Signed-off-by: Linus Torvalds <torvalds@linux-foundation.org>",2026-01-14T06:59:43Z
torvalds,AudioNoise,f5fab490ef4b3ce60aa158837b3cf7999cf38fae,torvalds,"Fix final float -> int conversion overflow  The final conversion from float to s32 does  	sample = (int)(out * 0x80000000);  and that overflows for 1.0, turning it into the most negative integer number.  I could just make the thing multiply by 0x7ffffffff instead, and miss out on turning -1 to that most negative number, but I think the best model is to just explicitly check for overflow by testing the sign of the float vs the resulting integer.  That deals with any small overflow outside the [-1,1] range too, which allows the effects to be a bit lazy if they want to (although gross overflow could then result in the sign overflowing ""twice"" and not be caught, so effects shouldn't be *too* lazy).  This may explain some crackling in anything that ended up doing the full FP range (although you really should try to avoid that anyway).  Signed-off-by: Linus Torvalds <torvalds@linux-foundation.org>",2026-01-14T06:58:49Z
torvalds,AudioNoise,ca5a27447cfe6373f608242b60936e1be6abf378,torvalds,"Add LFO sinewave verification test  It's slow, so don't run it unless you change the implementation.  It single-steps the LFO, so a cycle is the full 2**32 steps, and checks out sinewave approximation against the proper math.h sin() values.  The 256-entry lookup table with linear interpolation is good to about 16 bits of precision.  None of the users really care about it being a perfect sinusoid, so that's more than good enough.  But let's at least verify it.  Signed-off-by: Linus Torvalds <torvalds@linux-foundation.org>",2026-01-14T06:57:08Z
torvalds,AudioNoise,2865c62810323030691c642f9980c63aba9bfdb9,torvalds,"Add amplitude-modulation signal generator  This is exactly the same as the fm effect, just for amplitude modulation instead.  And like the fm effect, it ignores its input and just acts as a signal generator, mainly to generate test-cases for other effects.  [ Side note: I think I've successfully picked a super-annoying AM sound.   Making dissonant sounds seems to be my super power ]  Put another way: this is useless, except I'm still thinking about doing a noise gate / compressor thing, and I want to have an input signal for that.  Plus I'm reading a paper [1] about spice models for vacuum tube amplifiers, and am possibly considering some kind of vacuum tube pre-amp emulation thing.  Ridiculous, I know, but that's kind of the point of this whole project.  I'm not doing this for any *sane* reasons.  Link: https://leachlegacy.ece.gatech.edu/papers/tubeamp/tubeamp.pdf [1] Signed-off-by: Linus Torvalds <torvalds@linux-foundation.org>",2026-01-13T20:39:59Z
torvalds,AudioNoise,42910d66336602c76a2e31043b9fc0529e79ef2f,torvalds,"Fix 'discont' effect potentiometer behavior  I messed up when I imported the discont effect from the RP2354A code: I had gone back-and-forth in that repo on just how much you could change the pitch, alternating between ""arbitrary"", ""by semitones"" and ""fixed to fourths, fifths and octaves"".  When I then moved the code over to this simulation repo, I decided to go back to ""arbitrary"", and that people could just make the pot value negative, so that you could just go down an octave by doing      ./discont -1 ....  That was technically true, but it means that now if I want to test things on the RP2354A hardware after being happy with it in simulation, I'll always have to mess with this potentiometer mapping.  So go back to the assumption that the pot values should primarily be floating point values in the range [0,1], and that 0 means ""one octave down"" and 1 means ""one octave up"" (approximately, because we're using that quick-and-dirty very inexact fastpow2_m1() function).  So now it takes the pot value, and multiplies it by two and subtracts one to get the ""power of two"". Thus turning [0,1] into [-1,1].  In simulations, you can still use negative values if you want, so that (if we had a better 'pow2()' approximation) you could do      ./discont -0.5 ...  to go down two octaves, or use '2' to go up three octaves).  The actual pitch shifting does actually work for those kinds of ranges, but fastpow2_m1() does not, so currently a pot value outside 0..1 gives pretty nonsensical actual step values.  Replace 'fastpow2_m1(x)' with 'pow(2.0,x)-1' if you want to play silly games with a silly effect.  [ And again, just to clarify: the ""pitch shifting"" of the discont.h   effect is really not anything like a real pitch shift. It's walking   the delay line at non-unity speeds to speed up or slow down the   signal, and then abruptly jumping back or forward to catch up to real   time.    It then tries to hide those discontinuities from the jumping around by   using two different delays and mixing them together with the   discontinuity points faded away, which is why the effect is called   ""discont"" ]  Signed-off-by: Linus Torvalds <torvalds@linux-foundation.org>",2026-01-13T18:38:14Z
torvalds,AudioNoise,8ed0acc8e25713a7268847050e7cecb6b8bdc7b6,torvalds,"Use ffplay instead of aplay, and allow python override  'aplay' may be the simple - and very traditional and old - way to play audio files on Linux, but if you are on some other platform it's apparently odd.  Fair enough.  So let's use 'ffplay' by default instead, since we already use 'ffmpeg' for the format conversion.  It may be a more complex command line, but it's related to the tool we already use.  For similar reasons, make the python interpreter a variable that can be easily overridden.  Reported-by: @zeelsheladiya Signed-off-by: Linus Torvalds <torvalds@linux-foundation.org>",2026-01-13T03:00:38Z
torvalds,AudioNoise,3202fdf917633c69760f7a6a1342f669fbeefd8f,torvalds,"Fix math library linking causing link errors for 'gensin'  The Makefile used LDFLAGS to set ""-lm"" to link in the math library for the 'sin()' function use in gensin.c.  That is wrong, and causes the '-lm' to be too early in the implicit executable rule, resulting in potentially undefined references at link time.  It just happened to work for me even with the wrong placement of the linker flag.  The reason is simply that my build environment used dynamic linking for the math library, which brings in all of libm.so regardless of what functions you use.  A static link that only brings in the actually used functions would then not have seen the use of 'sin()' (yet) and then the wrong placement causes      gensin.c: undefined reference to `sin'  Fix it by using the proper Makefile variable for the math library: LDLIBS.  Reported-by: Max McEvoy <maxmcevoy@gmail.com> Reported-by: Thomas <thomas.blakely@gmx.com> Signed-off-by: Linus Torvalds <torvalds@linux-foundation.org>",2026-01-13T01:54:42Z
torvalds,AudioNoise,71b256a7fcb0aa1250625f79838ab71b2b77b9ff,torvalds,"Add README and LICENSE file  I'm pushing it out to github not because it needs to be public, but because of my policy of using the internet as my backups.  And because it makes it so much easier to just sync between machines.  Signed-off-by: Linus Torvalds <torvalds@linux-foundation.org>",2026-01-09T02:29:05Z
torvalds,GuitarPedal,a3ebdaa10df351a974558d1f878840b66fb2e021,torvalds,"echo: Fix up displayed time and tone values  The echo effect did actually calculate the right values for the sound, but in the conversion to the metadata model, the ""display in right units"" code for these two pots got lost.  The math was done in two places (in echo_time/tone_display() and in echo_init()) and the 'display' part was lost in the chaos of rewriting the pot descriptors and re-doing how the effects were defined.  This reinstates the display by teaching the metadata about the special exponential function that these two pots used, and updating the pot description to match the match that the effects used to do in two separate places.  My bad for not noticing immediately - this is all Ricky's code, so I didn't react to the largely automated conversion.  And that's despite the fact that I had done the special display conversion in the original Hothouse conversion case.  So I only noticed that the display code got dropped as part of testing out the Web UI, and noticing that the numbers looked all kinds of odd (""That 0.5 ms echo time can't be right..  D'oh!"")  I think they are back to the real values now.  The Web UI is still a bit odd with all the excessive precision (""6412.53 Hz"" - it really shouldn't be shown to six significant digits), but at least it looks like the values are in the right ballpark now.  Fixes: 9c208692f7f1 (""Convert effects to metadata-driven boiler plate generation"") Signed-off-by: Linus Torvalds <torvalds@linux-foundation.org>",2026-06-01T05:34:26Z
torvalds,GuitarPedal,c4b615cad7ef52c28b77561b6a1fd23fed11ada8,torvalds,"WebMIDI: Add toy graphical EQ visualization  This is not the frequency-accurate graph that the pedal screen has, it's more of a toy-like visual approximation of the sliders, but it's cute.  At least it's cute in my desktop view..  It might be a bit cramped on a phone screen.  Signed-off-by: Linus Torvalds <torvalds@linux-foundation.org>",2026-06-01T04:32:07Z
torvalds,GuitarPedal,b400fe0723f1e304ebef6e24b700ffcb90921d7c,torvalds,"Cache 24c02 eeprom contents, write to it more carefully  The 24c02 eeprom isn't the fanciest of chips, and when it is busy writing it falls off the i2c bus - and the write can take up to 5ms.  That really wasn't an issue when we only wrote back the effect state when switching effects manually.  The writes were naturally limited by the UI update speed.  But the new WebMIDI interface with the ""save all effects"" option means that suddenly writes weren't limited by the UI update speed at all, and they started failing.  The most straightforward solution to this is to just cache the whole (little) eeprom state in RAM, and have a ""eeprom_task()"" that writes back dirty data with the required 5ms delays.  In fact, to keep things simple, we'll just keep it to the same UI update limit it used to have.  So now loading the effect just reads it from the RAM cache, and saving the effect just writes it back to the RAM cache and marks it dirty for later writeback.  In fact, since we buffer it anyway, let's just make the writes be limited to 8 bytes at a time, so that if I were to ever make the mistake of getting an older version of the 24c02, it will still work.  The chips I have all have a 16-byte page size, but some old versions apparently have 8-byte pages and writing 16 bytes at a time wouldn't work (the second half would just overwrite the first half).  Reading the 24c02 doesn't have any of those issues, and you can just slurp in the whole 256-byte thing in one go at boot time.  This seems to fix all the saving problems that the new WebMIDI code exposed.  Signed-off-by: Linus Torvalds <torvalds@linux-foundation.org>",2026-06-01T03:50:50Z
torvalds,GuitarPedal,1655dbb1f6d4119f45952ccc5bb725fe40d53e0c,torvalds,"Make it easier to update the WebMIDI app  Doing the load/save/reset changes made it obvious that the PWA app also needs to be easy to update, since the app and the pedal are pretty closely intertwined.  Some day maybe the MIDI CC details are more stable, and we could even have a discovery protocol, and the tight integration between pedal firmware and app can be a thing of the past.  But that day isn't today.  Signed-off-by: Linus Torvalds <torvalds@linux-foundation.org>",2026-05-31T22:37:02Z
torvalds,GuitarPedal,d00c59ea7a094add0e888e585b14207d92eb3914,torvalds,"Add support for effect load/save and reset-to-defaults  Playing around with the WebMIDI interface - that seems to work quite well - I was easily able to make a mess, particularly with the 10-band EQ that doesn't have a very nice interface yet.  So I wanted a ""reset to defaults"" to undo my mess.  But also a load and save operation to load things to the internal eeprom, or save any possibly good settings.  All of this either per-effect, or globally for the whole pedal.  Signed-off-by: Linus Torvalds <torvalds@linux-foundation.org>",2026-05-31T22:17:18Z
torvalds,GuitarPedal,133ce526c1f6a61806336dd0d7d439f67e4caa5f,torvalds,"WebMIDI Progressive Web App (PWA) infrastructure  This should expose the 'WebMIDI' directory as a GitHub Pages entry, along with the auto-generated 'effects.js' file that is not committed to the repository.  All I ostensibly need to do is to expose it all, and enable the settings for Pages to be deployed from ""Github Actions"".  But I _will_ mess this up, won't I? Let's see how many attempts it takes?  Signed-off-by: Linus Torvalds <torvalds@linux-foundation.org>",2026-05-31T21:47:53Z
torvalds,GuitarPedal,5f146d1b559a987339fbadd3e7a5cf630fd925d1,torvalds,"Add preliminary icons for the guitar pedal control app  Do I look like I have the artistic skill of creating an app icon?  It would be funny if I made it look like a 5-year-old did the icons with crayons. But I ended up eating all the crayons instead, so I had to resort to just using AI for this part too.  Let's not kid ourselves: I enjoy the ""close to hardware"" part of this project, but when it comes to actual musical effects, Ricky has been doing the heavy lifting.  And when it comes to python scripting or anything web-related, I leave it in the capable hands of AI.  These icons are cheesy. But maybe that is project-appropriate by now.  Signed-off-by: Linus Torvalds <torvalds@linux-foundation.org>",2026-05-31T21:13:39Z
torvalds,GuitarPedal,0a1091e058fed57b00fc998d3918e025afa1acca,torvalds,"Clean up WebMIDI subdirectory as prep for using it as a Web App  This moves the .gitignore file into the parent directory, and the python web server script into the scripts directory.  This is prep-work for exposing the web interface as a 'Progressive Web App', and just making the WebMIDI directory contents be the GitHub Pages thing that can then be used as-is on the phone.  So let's just get rid of anything that isn't directly about just that PWA infrastructure.  Signed-off-by: Linus Torvalds <torvalds@linux-foundation.org>",2026-05-31T21:09:47Z
torvalds,GuitarPedal,9c208692f7f1f778901b3b5a7a00bb5c11b8d063,torvalds,"Convert effects to metadata-driven boiler plate generation  This is the actual effect format update mentioned in the previous commit: express the boiler plate details in the comment at the top of the effect so that it can be auto-generated.  Part of that is that now the default values can be much more sanely expressed: instead of setting the defaults as the particular integer values the pot takes, express them in the user-visible units.  So the default noise gate level value can now be described as      // POT: ""Level"" LINEAR(-100.0 -40.0) = -70.0 dB  instead of the inscrutable      EFFECT_POT(""Level"", desc_dB, gate_pot0_level, 0),   // -70dB  where the default value of 0 ended up indeed being -70dB, but we had to have a comment to that effect because it was so non-obvious (it came from the fact that gate_pot0_level() did a linear interpolation between -100 and -40, and -70 is the middle value).  So now the pot values make a lot more sense and defaults are easier to see and set.  This also means that instead of having the pot values be -60 to +60 (in order to make the default ""noon"" be zero and needing no initializer), since we auto-generate the defaults we can make the actual internal values be the more straightforward 0..120 range - not only matching what we did for MIDI, but also simplifying a lot of the helper math cases.  As a result, the pot arrays are now done as 'unsigned char'.  While doing all this, I also noticed that the ->describe() function is just entirely historical: it used to depend on the pot value for when the enumerations were done as a separate hack.  But these days enumeration pots are an integral part of the pot description, and the ->describe() functions were all just returning the unit string.  So get rid of the function pointer indirection, and just make it have a simple and straightforward 'const char *unit' string.  This all makes the 'gen_effect' python script a bit bigger, but that is more than made up for by the boiler plate removal in the effects themselves, so not only does it make things clearer, this all removes more lines than it adds.  And equally importantly, it means that now the Web UI actually can convert the raw pot values into sensible units, because it too can take the pot descriptions into account.  Some other minor UI updates while at it.  All the python and JS scripting itself was obviously all done by AI. Some day I might care enough to learn to actually write python, but for now I'm perfectly happy just reading the end result.  Signed-off-by: Linus Torvalds <torvalds@linux-foundation.org>",2026-05-31T20:27:57Z
torvalds,GuitarPedal,4720820e8b38ea66ef3f2111b2b6aeba1c3cea0f,torvalds,"Move all effects into 'effects/' subdirectory  .. leaving the audio helper headers in 'audio/'.  I'll make the auto-generation script pick up the effects list automatically from the files in that directory, but I'll do that separately: this is just the minimal file move.  Note that it's not enough to just enumerate the effects: the order of effects also matters, so it's not quite as simple as just generating the effect list from a simple directory listing.  So the next step is to add some more metadata to the effects files.  Right now the only ""metadata"" is the dummy wrapper macro just to mark the pot descriptions.  I want to extend that too - it would be good to actually contain the description and mapping of values too, so that instead of using C function pointers the pot descriptions would have a higher level abstraction that can be not only turned into the C code, but also used for the Web MIDI side.  And the effect itself should have its own metadata - not just the ordering requirement (as some kind of ""priority number""), but the effect name (and shortname) would be exposed too.  I'll have to think about it some more, but my rough plan would be to have the metadata at the top of the effect file in a comment block that is trivially parsed, and instead of having 'gen_effects.py' just generate the trivial     #include ""../effects/{base}.h""  thing for effect_map.h, it would generate all the boiler plate for pot values translations and all of 'struct effect' for that effect.  Make all the metadata simple enough that it can be easily translated into both the actual C code running on the microcontroller, but also the JS code running in the web app so that the Web MIDI UI shows proper pot value ranges etc.  The above is a bit handwavy - I'll have to experiment.  But my thinking would be that the gate effect - just to pick a random example - would go from having pot functions and a 'struct effect' like this:      static float gate_pot0_level(signed char pot)     {         // -100dB .. -40dB is 0.01mV..10mV peak signal level         // If your noise floor is anywhere near -100dB, you don't need the         // gate in the first place, but maybe it's a good way to actually         // _see_ what your noise floor is...         return linear_pot(pot, -100.0f, -40.0f);     }     [...]     static struct effect gate_effect = {         .name = ""Noise Gate"",         .short_name = ""GATE"",         .init = gate_init,         .step = gate_step,         .pots = {             EFFECT_POT(""Level"", desc_dB, gate_pot0_level, 0),       // -70dB             EFFECT_POT(""Attack"", desc_ms, gate_pot1_attack, -42),   // ~1.5ms             EFFECT_POT(""Release"", desc_ms, gate_pot2_release, -30), // ~150ms         }     };  to having a comment header at the top of the effect:      // NAME: Noise Gate [GATE]     // PRIORITY: 1     //    POT: ""Level"" LINEAR(-100 -40) dB     //    POT: ""Attack"" LINEAR(0 10) ms     //    POT: ""Release"" LINEAR(50 500) ms  and gen_effects.py would just generate the boilerplate code for the interfaces, while the actual real meat of the effect (the init and step functions) would remain as-is.  As always, the EQ effect is special, because it does that whole graph thing.  So we'd have to have a special case for that, but that would probably be just a simple      //    GRAPH: eq_graph  at least for now, and only graphing the frequency response on the pedal, not in the Web UI thing.  Anyway - that's the plan.  But for now, just separate out the effects headers from the other code.  Signed-off-by: Linus Torvalds <torvalds@linux-foundation.org>",2026-05-31T16:19:11Z
torvalds,GuitarPedal,4438a3b68072cb1c29509ba3dc0a7f6feba9dbe1,torvalds,"Add Web app for MIDI state changes  This was largely because I wanted to test the whole MIDI thing without always having to build a separate ""host"" and ""device"" pedal and checking that they speak to each other.  Instead, I can just keep the device pedal connected to the computer both for programming and for testing (well, at least for testing the regular device side).  And initially I thought I'd do some local thing using libusb (not my favorite thing ever, but I've used it for the dive computer side so at least I'm familiar with it), but since I also need a UI...  So instead I decided that ""hey, maybe I would just want to do it on a phone with USB OTG and ask AI to generate some Web app""  Because let's face it.  I'm no good at UI's.  Or JavaScript.  A toddler on crack would do a better job at it than I do at either of those.  It's not actually running on my phone - yet - but I can test it on my desktop, and it should be fairly straightforward to just turn it into a phone web app too, but that's for later if this whole ""use MIDI to control the pedal"" actually turns out to be a good idea.  It might all be me being crazy.  I actually have a Sonicake ""Pocket Control"" MIDI controller together with an expression pedal that should arrive today for testing.  Because I don't know if any of this is actually even remotely right: it could be that I just have a buggy guitar pedal that just happens to work together with a buggy Web app.  Signed-off-by: Linus Torvalds <torvalds@linux-foundation.org>",2026-05-30T18:16:26Z
torvalds,GuitarPedal,604f909d788ed5e51226fc64428777e42a6bf863,torvalds,"Make the MIDI control use the new pot mapping  .. and also make pot changes generate MIDI messages in USB device mode too, not just in USB host mode.  That way you get bidirectional updates, so that the host can also see the device pot changes.  And since the host would also want to see what the initial values are, add a STATE_DUMP_CC MIDI message, so that when you connect the two together they can synchronize from known state rather than having to always start from scratch.  Signed-off-by: Linus Torvalds <torvalds@linux-foundation.org>",2026-05-30T17:24:19Z
torvalds,GuitarPedal,75fa01a333402b6e85b4bced5555825de7688593,torvalds,"Fix USB device descriptor for the composite audio / MIDI device case  The USB device descriptor needs a ""Interface Association Descriptor (IAD)"" for the MIDI part.  Add it.  Since the pedal exposes a composite interface of both the audio interface (for audio in and out) and the MIDI interface (for controlling the effects), it should have that interface association descriptor to tell the other side that the two interfaces go together and control the same function.  I don't think Linux actually cares, but Antigravity tells me apparently Windows needs it to load the MIDI drivers, so let's do it right.  Of course, I have no way of testing whether this really makes any difference.  But in my cunning plan to completely revolutionize the whole audio market with my incredible guitar pedal, I will have to take over the Windows market too.   ""Brain, what do you want to do tonight?""  ""The same thing we do every night, Pinky - try to take over the world!""  Signed-off-by: Linus Torvalds <torvalds@linux-foundation.org>",2026-05-30T19:04:15Z
torvalds,GuitarPedal,181fa6efda1e032c15f57f0f6101f280d0289818,torvalds,"Mark the pot descriptors so that we can easily auto-generate pot lists  This is part of the whole ""control things over MIDI"" thing, which needs a list of pots that can be controlled.  While at it, make the 'effects[]' array be auto-generated too.  This needs some more cleanup, right now it just effectively moves the list of effects from audio/effect.h into the CMakeLists.txt file instead, which isn't really much of an improvement, but I'll have to think more about how I want to do this.  I *suspect* the answer is that I'll just split the 'audio' subdirectory in two, and move the effects into a separate 'effect' subdirectory, while leaving the ""helper utility headers"" in 'audio'.  But for now this is mainly just a minimal ""mark the pot descriptors for easy scripting"" together with a script to generate some headers with that information in them (including a 'effects.js' header for a Web UI).  ... and since I still really don't do python - or Web UIs, for that matter - that script was entirely by antigravity.  Signed-off-by: Linus Torvalds <torvalds@linux-foundation.org>",2026-05-30T17:10:34Z
torvalds,GuitarPedal,b3e2ec26f88c8b688db82b7aa81dba17ba4572cd,torvalds,"Merge https://github.com/clevelandmusicco/GuitarPedal  Merge effect updates from Ricky Sheaves.  This makes some of the effects quite a bit cheaper in memory and/or in CPU use.  It enables flush-to-zero for denormals which can make a big difference, uses a few less filters in the reverb, and makes the echo effect use 16-bit integers for the delay path, saving a lot of memory.  I made the %fpscr register accesses use the compiler built-ins instead of inline asm - it's not like I dislike the inline asm in general, but in this case it seems simpler to just use the compiler infrastructure.  Also, Ricky added an isb instruction to flush the pipeline - that's one of those ""technically correct"" things to do to synchronize the fpscr access, but it really doesn't matter in this case.  Even if there were FPU instructions in flight (and there aren't), we simply don't care that deeply. So keep it simple and stupid.  * https://github.com/clevelandmusicco/GuitarPedal:   Echo: replace float[65536] delay line with int16_t[32768]   Enable hardware FTZ on both cores; drop `reverb_flush()`   Reverb: revert to 8 comb filters and 4 Schroeder allpass filters",2026-05-29T20:38:19Z
torvalds,GuitarPedal,b454a1dcad3a2ad138ecffb3fbf5e6e34f26a0eb,torvalds,"Change pot value range from -100..+100 to -60..+60  So ""100"" looks like a rounder number to a human, and that's obviously why I picked that original range.  But the -100..+100 range does not map very well to MIDI, which sends 7-bit numbers in the 0..127 range.  I started out with -63..+63 originally, but that really doesn't work when some of the settings (like the ""octaves"" for the pitch shifter) really want nice divisors.  So '60' it is, and in some ways it is actually a ""rounder"" number than 100, in that it divides nicely into even more cases than 100 does.  While 100 is natural in base-10, it is only divisible by combinations of two and five.  In contrast 60 is divisible by combinations of two, three and five, and so maps well to things like that octave setting.  I don't think the reduced range (201 steps down to ""only"" 121 steps) is actually noticeable.  We'll see.  There's ""high-res MIDI"" that sends values in two parts, but that seems overkill.  The slider UI was already limited to only displaying 128 values simply due to the resolution of the display, so ...  Signed-off-by: Linus Torvalds <torvalds@linux-foundation.org>",2026-05-29T19:49:48Z
torvalds,GuitarPedal,c35a62ea737500ff393769ee2fa29dba76c14653,torvalds,"Switch USB HID protocol to use MIDI over USB instead  The HID protocol was a mistake - I blame the fact that I have all the musical ability of a snail on drugs.  The obviously correct answer is to use MIDI, so that we could use an actual standard interface both on a computer and even using things like external stomp switches.  As always, the USB code is written by Antigravity.  I think that's the proper distribution of roles: Ricky has been doing any actual _musical_ effects, I've been doing the hardware interfaces, and Antigravity deals with the tinyusb integration.  Signed-off-by: Linus Torvalds <torvalds@linux-foundation.org>",2026-05-29T17:47:39Z
torvalds,GuitarPedal,21a364ae35cd7e8a7ae106a59895298f2bc7b6b2,clevelandmusicco,"Echo: replace float[65536] delay line with int16_t[32768]  The `float array[65536]` delay line was consuming 256 KB -- 59% of the entire 434 KB bss -- leaving only 7.5 KB of headroom against the 520 KB SRAM limit. With `copy_to_ram` in effect, text + bss share the same pool. A 7.5 KB margin is far too uncomfortable.  `audio/util.h`: - Add `__sample_array_write_s16` / `sample_array_write_s16`: writes a   `[-1, 1]` float to an `int16_t` cell as `val * 32767`. - Add `__sample_array_read_s16` / `sample_array_read_s16`: converts two   adjacent `int16_t` cells to float via `1/32767` and returns the   linearly interpolated result. Same ring-buffer bitmask logic as the   float variants.  `audio/echo.h`: - `echo.array`: `float[65536]` (256 KB) -> `int16_t[32768]` (64 KB).   Saves 192 KB. bss drops from 434 KB to 238 KB; SRAM headroom goes   from 7.5 KB to ~199 KB. (!!!) - `ECHO_DELAY_MAX_S`: 0.800 -> 0.672. The smaller array holds 32768   samples at 48 kHz = 0.683 s. There's still plenty of margin for wow/flutter   modulation. This tighter delay range is still in Maestro EP-1/2 territory. - `ECHO_DELAY_LOG2_RATIO`: 4.0 -> 3.75 to match. - `read_pos` clamp: 65534.0 -> 32766.0 to match the new buffer size. - Read/write calls updated to `sample_array_read_s16` /   `sample_array_write_s16`. - And here's the controversial change:16-bit quantization noise sits at ~-96 dBFS (CD quality), below the guitar noise floor, and is further attenuated by the playback LPF on every pass. We're emulating a tape recorder from the 1960s, which had a dynamic range of ~65-75 dBFS. This roughly maps to an 11 to 13-bit digital scale. So, arguably, it's much more authentic now ;) - Change default pot values:   - `Time`: 46 -> 55 (~374.7 ms via the log taper).   - `WowFlut`: 0 -> -50 (25% depth via `linear_pot`).  Signed-off-by: Ricky Sheaves <ricky@clevelandmusicco.com>",2026-05-29T19:26:31Z
torvalds,GuitarPedal,cdc4aa47bf9e402aaed0dcf7747b821cf9d0d840,clevelandmusicco,"Enable hardware FTZ on both cores; drop `reverb_flush()`  `enable_ftz()` sets the FZ bit (24) in FPSCR via inline assembly on both cores at startup. The Cortex-M33 VFPv5 FPU handles subnormals in hardware rather than via a software trap, but still takes a 5-20x penalty per operation. Any feedback path that decays to sub-1e-38 will hit this without FTZ enabled, not just reverb's comb filters.  The old `reverb_flush()` only protected `filterstore` in the comb loop. Hardware FTZ covers every float op in the chain: allpass buffers, echo feedback, and any future effect, without per-site code needed.  FPSCR is per-core state, so `enable_ftz()` is called in both `main()` and `audio_processing()`.  Signed-off-by: Ricky Sheaves <ricky@clevelandmusicco.com>",2026-05-29T18:21:37Z
torvalds,GuitarPedal,8398215bf62d68d74da0fb8b6a2dcf2bb8274333,clevelandmusicco,Reverb: revert to 8 comb filters and 4 Schroeder allpass filters  Signed-off-by: Ricky Sheaves <ricky@clevelandmusicco.com>,2026-05-29T17:55:04Z
torvalds,GuitarPedal,c3828495b2070fcc634978fa63505616f7d8d118,torvalds,"Use 'copy_to_ram' in order to avoid running out of flash  Now with a lot more effects, we started to lose samples when enabling the more expensive ones.  And when I did some testing with unrolling loops to improve code quality actually made it worse.  The actual performance issue ends up being that now that we have more effects, we're also blowing out the XIP cache.  It's only 16kB in size, and once you start missing in the XIP cache you get the whole hot of waiting for flash.  Which really hurts on that simple in-order core.  Now, we don't have a ton of SRAM on the rp2354 either, and obviously 'copy_to_ram' will mean that now we have even less, when the boot phase will copy the code into that precious resource.  But we have enough for the current effects, and with this simple one-liner I can enable every single effect without any missing samples.  It's definitely getting to the point where I think any future effects will have to start kicking out some less worthy existing ones.  The pitch shifter is probably bound to be the first to go, even if I enjoy how ridiculous it sounds.  We could try to be more granular, and only move the functions that run as part of the audio loop on the second core into RAM, but I'm not sure it's worth the effort compared to the one-liner build setting.  Signed-off-by: Linus Torvalds <torvalds@linux-foundation.org>",2026-05-29T04:32:04Z
torvalds,GuitarPedal,077444b2f2dee660ce4a26800a8317fcec5a9f79,torvalds,"Merge https://github.com/clevelandmusicco/GuitarPedal  Pull new and updated effects from Ricky Sheaves:  ""This is fun. I spent hours today converting code from various   projects.    In addition to the effects you already have, these round out the   'essentials' rather nicely, I think. These are 90% of everything   I use on a weekly basis:      Vibrato 	A must for organ-like tones (and full-blown chorus with the MIX at 50%)      Reverb 	This one took some tuning given the CPU budget and the growing FX chain      Preamp 	Tube / JFET saturation (different than Boost)      Tremolo 	Standard issue; I added the somewhat-rare harmonic mode      Echo 	No big changes, but I had to tune it once Reverb + Echo couldn't 	play nicely    The commit messages pretty much cover it all""  Note that the reverb effect in particular is fairly expensive, and it's easy to overwhelm the poor little RP2354 when enabling lots of effects.  The UI will not keep you from overwhelming the MCU, but you'll notice it: the sound turns scratchy and bad, and the right-hand LED will grow more brightly to show signal problems.  [ The right-hand LED also glows brightly for signal clipping, but it's   typically pretty easy to tell whether it glowing due to clipping or   due to a sample loss due to a overwhelmed CPU.    They sound very different - a rather ""scratchy"" sound when missing   samples vs a loud distorted signal. And their behavior pattern is   different too: the clipping obviously happens with loud signals and   tends to be temporary, while the overwhelmed CPU tends to be a pretty   constant thing depending purely on the number (and type) of effects   enabled, not the amplitude of the output ]  * https://github.com/clevelandmusicco/GuitarPedal:   Tremolo: fix the harmonic tremolo level drop   Add tremolo effect with NORM and HARM modes   Reduce reverb CPU load; minor echo optimisations   Reverb: expand to 12 combs/6 allpasses, add per-comb LFO modulation   Add Freeverb reverb effect (Schroeder-Moorer, mono 48 kHz)   Add preamp and vibrato effects   Tape Echo: remove cruft and tweak performance",2026-05-28T23:14:49Z
torvalds,GuitarPedal,d3135a3b0ffeaadcb6e20aec97bd2c1a7150fcef,torvalds,"eeprom: only use 16 bytes per effect save area  I originally reserved 32 bytes per effect for saving to the eeprom, with the idea that I'd have a secondary save area and only a fairly small number of effects.  Except I never did that secondary save area, and the effects have kept growing.  Since I just picked the simplest 2kbit i2c eeprom there is, the whole save area is just 256 bytes in size.  That makes the i2c programming very simple, but it meant that with 32 bytes per effect it could only save 8 effects.  We already have more than that (counting the USB ""effect""), and Ricky has been doing a few more.  So let's just get rid of the theoretical secondary save area, and give each effect just 16 bytes of eeprom.  While doing that, I'm also updating the checksum to cover more of the effect data, so that when you change an effect (rename it, or to add new state or whatever), there's a higher likelihood that the checksum won't match some random old setting, and the state will instead reset to defaults rather than something nonsensical.  The checksum literally exists just for that ""I re-orderd the effects or changed the pot meanings of the pots, and it should reset to something sane instead of becoming something senseless"".  So let's make it better for that.  [ Also change the default for the pitch effect to be one octave up,   since that's the silly setting it was ""designed"" for ]  Signed-off-by: Linus Torvalds <torvalds@linux-foundation.org>",2026-05-28T22:51:56Z
torvalds,GuitarPedal,2a3c4c7e6a87d3e751d03fd609dde87a6d777dfc,torvalds,"Add USB host/device mode build options  This adds the option for the USB-C connector to be used as a way to communicate the UI state between two pedals over USB HID.  The default setting is that the pedal is a USB device that exposes both USB audio interfaces and a USB HID interface.  The other configuration is to build the ""UI pedal"" as a USB host: no audio capabilities, but it can communicate over the USB HID interface with the audio pedal, and it has the screen and the controls on it.  It also means that when you connect the audio box to a computer, not only do you get the audio interface, the new USB HID interface could be used to change all the effect settings dynamically from the computer too.  It's currently a specialized magic HID interface that is very closely tied to the particular effects versions on the pedal, so it's not very convenient as a control interface, but that can hopefully be fixed eventually with a slightly more thought out interface.  There could be variations on this model, where the audio box has possibly a single on-off stomp switch and maybe a master volume knob, so it doesn't have to be entirely hardcoded.  But since the audio pedal does have the EEPROM with effect settings, it would be entirely useful on its own even without the UI connected.  The UI pedal could also possibly talk MIDI, and thus extend on the UI that way.  This is all very hand-wavy and experimental.  I don't have such hardware yet, but I can test this by just connecting two of the existing pedals, with one acting as the audio pedal and the other as the UI pedal.  It is unclear if any actual user would want to do it this way, although Ricky Sheaves did point me at pedals like the Orange OMEC Teleport that he has.  That works as a limited version of my envisioned audio pedal - just without the built-in effects.  I'm doing this because I want to play with form factors once more, and separating the audio side from the UI means that I can play with one without having to worry about the other.  This is kind of a higher-level version of what I did with the codec and rp2354 boards for hardware layout.  Signed-off-by: Linus Torvalds <torvalds@linux-foundation.org>",2026-05-28T20:33:58Z
torvalds,GuitarPedal,ccae8959b8490fbb43a990a5c99c55bfcb8a77bd,clevelandmusicco,"Tremolo: fix the harmonic tremolo level drop  The old HARM formula was:      lo*(1 + k*lfo) + hi*(1 - k*lfo)  ==  (lo+hi) + k*lfo*(lo-hi)  The two filters (LP at 144.7 Hz, HP at 636.6 Hz) are not a complementary crossover pair, so `lo+hi` has a broad mid-frequency dip around 8 dB at 300 Hz. That made HARM noticeably quieter than NORM at the same gain staging.  New formula:      in + k*lfo*(lo - hi)  The modulation term `k*lfo*(lo-hi)` is identical; only the carrier changes from `lo+hi` to `in`.  - Unity gain at zero depth, matching NORM behaviour. - At mid frequencies the apparent depth per unit `k` is reduced. Increasing the depth control compensates. - At frequency extremes one branch dominates and depth is unchanged.  Signed-off-by: Ricky Sheaves <ricky@clevelandmusicco.com>",2026-05-28T13:54:48Z
torvalds,GuitarPedal,68cdb10daa2cf9f35fc2ddfa393015721f3c32de,clevelandmusicco,"Add tremolo effect with NORM and HARM modes  Just three controls.  RATE: 0.1-10 Hz, cubic DEPTH MODE (NORM/HARM).  NORM mode uses bipolar AM: gain = 1 + k*lfo, where k = depth/(2-depth). Average level stays at 1.0 at all depth settings, so 100% depth swings 0..2x rather than cutting average level by up to 6 dB.  HARM mode models the Fender 6G4 harmonic vibrato circuit with two one-pole filters: a LP at 144.7 Hz (220k/5nF) for the low branch and a HP at 636.6 Hz (1M/250pF, computed as in-LP) for the high branch. The LFO modulates them in opposite phase. The two corners are not complementary, so there is a broad mid-frequency dip and phasey recombination on summing, which is what gives the brownface character.  Signed-off-by: Ricky Sheaves <ricky@clevelandmusicco.com>",2026-05-28T09:51:45Z
torvalds,GuitarPedal,711ad60287822f8c10842cea7626f8a18112265c,clevelandmusicco,"Reduce reverb CPU load; minor echo optimisations  While testing, I discovered that loading reverb and echo at the same time resulted in audio artefacts. I don't have a profiler or cycle counter on the hardware, so I made these changes a couple at a time until the noise/distortion/crackle disappeared from the combined echo loop + reverb tail. Not very scientific, and my math may not be close to right, but it worked.  Reverb: - Drop from 12 to 10 parallel FBCFs; scale `REVERB_FIXEDGAIN` up from   0.007 to 0.0084 to preserve wet level with fewer combs; reverb still   sounds OK - Remove fractional-delay interpolation from the comb read: one buffer   load per comb instead of two, dropping the lerp multiply-adds - Eliminate the redundant `depth` clamp in the comb loop -- all ten   delay values (1215-1907) leave more than `REVERB_MOD_DEPTH` (6)   samples of headroom, so the branch was always taken; inline the   constant directly - Remove `reverb_flush` from the allpass chain; the 0.5 feedback   coefficient guarantees decay, so subnormals cannot accumulate there  Echo: - Precompute `tanhf(preamp_asymmetry)` once in `echo_init` as   `preamp_dc_offset`; the value is constant but `tanhf` is not   folded by the compiler from a `const` struct field - Cache equal-power blend gains (`dry_gain`, `wet_gain`); recompute   `fastsincos` only when `blend` drifts more than 0.001, matching the   existing `last_tone` guard pattern for the playback LPF  Rough cycles/sample saved (M33 @ 172.8 MHz, 3600 cycles/sample budget):  ``` | Change                                               | ~cycles/sample | |------------------------------------------------------|----------------| | 12 -> 10 combs (2 full comb iterations eliminated)   |             60 | | Remove lerp from comb read (2 loads -> 1)            |             70 | | Remove redundant `depth` clamp in comb loop          |             35 | | Remove `reverb_flush` from 6 allpasses               |             18 | | Precompute `tanhf(preamp_asymmetry)` in `echo_init`  |             50 | | Cache blend `fastsincos` (saved on ~99.9% of samples)|             12 | | **Total**                                            |       **~245** | ```  I say ""rough"" becuase is really just an instruction count and that't it. But, ~7% of the per-sample budget. Lerp removal and comb count reduction are the bulk of it. The `tanhf` saving is disproportionate for one line: it goes through `exp` internally (~50 cycles on M33). Comb buffer reads are non-sequential loads, so real savings may be somewhat less than the instruction count suggests.  NOTE: if we enable flush-to-zero by default on the MP33 FPU, we could save up to ~40 cycles/sample in addition to the stuff above. Might be as simple as    // FPU context is per-core; must be set on core 1 separately.   __set_FPSCR(__get_FPSCR() | 0x01000000); // FZ bit (bit 24)  at the top of `audio_processing()`. I'll leave that for Linus to suss out, though.  Signed-off-by: Ricky Sheaves <ricky@clevelandmusicco.com>",2026-05-27T19:51:09Z
torvalds,GuitarPedal,afe7cd9a132330daf2194d597a967644957c50be,clevelandmusicco,"Reverb: expand to 12 combs/6 allpasses, add per-comb LFO modulation  Standard Freeverb produces metallic ringing in long tails because fixed integer delays create sharp resonant peaks. Extending the filter bank and adding LFO modulation on each comb read pointer breaks up the periodicity.  DSP changes: - Comb count 8 -> 12: four additional delay lengths continuing the   original spacing pattern (1831, 1907, 1979, 2045 samples), all   within the existing `REVERB_COMB_SIZE = 2048` buffer - Allpass count 4 -> 6: two additional delays (153, 87 samples)   continuing the descending sequence - Four quadrature-phasor LFOs modulate each comb's read pointer:   complex-multiply rotation per sample, no `sincos` in the hot path;   rates 0.21/0.31/0.46/0.67 Hz (~3:2 geometric spacing to prevent   beating); phases staggered 0/0.25/0.5/0.75 cycles at init - Comb read upgraded from integer to linearly-interpolated fractional   delay; modulation depth clamped to `min(6 samples, buffer headroom)`   so the read pointer can never lap the write pointer - LFOs assigned round-robin to the 12 combs (`i % 4`)  Gain constants retuned for the larger filter bank: - `fixedgain` 0.015 -> 0.010 (proportional scaling for 12 combs) - `scalewet` 3.0 -> 1.5, `scaledry` 2.0 -> 1.2 (unity dry at 0% wet) - Damp range [0.0, 0.4] -> [0.1, 0.5]: fully undamped tails are   rarely useful and the old low end was dead space on the pot - Default Mix -50 -> -65 (0.175 wet), Damp 0 -> 15 (pole = 0.33)  Signed-off-by: Ricky Sheaves <ricky@clevelandmusicco.com>",2026-05-27T16:56:43Z
torvalds,GuitarPedal,57d12d07ae7cabdf7518ae5e8908226f72bf2494,clevelandmusicco,"Add Freeverb reverb effect (Schroeder-Moorer, mono 48 kHz)  Jezar's public-domain Freeverb algorithm, ported to the pedal's sample-at-a-time mono path at 48 kHz.  DSP topology: - 8 parallel feedback comb filters (FBCF), all fed directly from   the input; each has a one-pole LP in its feedback path - 4 series Schroeder allpass filters on the summed comb output - Delay lengths are the canonical Freeverb 44100 Hz values scaled   to 48000 Hz (multiply by 48/44.1)  Parameters: - Mix: linear dry/wet, with `fixedgain` (0.015) on the comb input   and `scalewet`/`scaledry` (3.0/2.0) normalising levels - Room: feedback gain `g` in [0.70, 0.98] via roomscale/roomoffset - Damp: one-pole LP pole in [0, 0.4]; higher = more HF rolloff in   the FBCF feedback path  Two hardware workarounds required: - `reverb_flush()` manually zeros subnormals in the comb and allpass   buffers; the Cortex-M33 FPU does not flush-to-zero by default,   causing ~100x slowdown once the reverb tail decays below 1e-38 - All `reverb_state` fields including `.delay` are set in   `reverb_init()` because pico-sdk silently zeroes large static  objects during the .data copy from flash  Registered in `effects[]` between echo and pitch.  Signed-off-by: Ricky Sheaves <ricky@clevelandmusicco.com>",2026-05-27T16:00:48Z
torvalds,GuitarPedal,80e09d302651ac6fb891e5033c1a2a0e44a5ab72,clevelandmusicco,"Add preamp and vibrato effects  **Preamp** (`preamp.h`)  Wait, don't we already have a Boost effect? Yes, but ...  The current boost effect does wavefolding: it hard-clips by reflecting the signal back on itself, generating mostly odd-order harmonics with a sharp transition at the clip boundary. That's perfect for aggressive clipping or distortion pedal simulation, but it is not how a class-A analog front end behaves.  Preamp uses asymmetrically biased tanh saturation. Biasing the waveshaper off-centre generates even-order harmonics (mostly 2nd), which is the magick behind the warm character of class-A tube and JFET stages. The distortion onset is gradual; there is no clip boundary; just a soft knee. So, at moderate drive settings the signal is more coloured than clipped. Players who want 'always-on' front-end character rather than an obvious clipping stage tend to prefer this.  Usage: select Voice (Tube or JFET), dial Sat from 0.5x (clean) to 4x (hard clip), trim Level +/-20 dB. Works best early in the chain, typically first.  - Tube voice models two cascaded 12AX7 triode stages using `tanhf()` as the waveshaper. A fixed 0.15 grid-bias offset on each stage pushes the operating point off-centre, generating even-order harmonics for vintage-amp character. - An interstage DC block (~38 Hz, one-pole IIR) strips the stage-1 DC offset before stage 2 so the asymmetry doesn't accumulate. - JFET voice models a single common-emitter 2N5457-like stage with three frequency-domain features: an emitter-bypass low shelf (~120 Hz, -6 dB), an asymmetric `tanhf()` waveshaper with a 0.12 bias offset, and a Miller-cap HF rolloff (~9 kHz one-pole LPF). - Output normalization constants (`PREAMP_TUBE_NORM`, `PREAMP_JFET_NORM`) are precomputed at the default drive of 1.2x so unity gain is preserved (well, just barely above, actually) at the default settings.  **Vibrato** (`vibrato.h`)  Usage: set Rate (0.1-8 Hz) for LFO speed, Depth (0-5 ms) for pitch swing, Mix for dry/wet balance. At 100% wet you get pure pitch vibrato; blend in dry signal for chorus. 100% dry with a Rate of ~5 Hz makes for a nice rotary speaker emulation.  - Writes incoming samples into a 1024-entry ring buffer (~21 ms at 48 kHz) and reads back with a fractionally interpolated index offset by a sine LFO riding on a 6 ms center delay. - The center delay keeps the read head from overtaking the write head even at maximum depth (6 ms + 5 ms = 11 ms, well inside the 21 ms buffer). - Mix uses an equal-power crossfade: `dry = cos(0.25 * mix)`, `wet = sin(0.25 * mix)`, computed once in `vibrato_init` via `fastsincos`.  **effect.h**  - Add `desc_s()` unit descriptor (seconds) alongside the existing Hz/ms/dB helpers (will be used by a future reverb effect). - Insert `#include ""preamp.h""` and `EFF(preamp)` immediately after `gate` (new index 1). - Insert `#include ""vibrato.h""` and `EFF(vibrato)` immediately after `flanger` (new index 6). - **Note:** inserting effects mid-array shifts all subsequent effect indices, which shifts their EEPROM page addresses. You'll need to hold both encoders down with no USB connection to reset after first boot.  Signed-off-by: Ricky Sheaves <ricky@clevelandmusicco.com>",2026-05-27T15:14:13Z
torvalds,HunspellColorize,87c358bfc99454490f1ef3afcb9ecf7590a9367e,torvalds,"Add local dictionaries if they exist  This is very simplistic - as is the whole project - but it adds a local dictionary file from the current working directory and from the home directory.  Good enough for some testing, at least.  Signed-off-by: Linus Torvalds <torvalds@linux-foundation.org>",2026-01-19T20:19:39Z
torvalds,HunspellColorize,fcf2283690a7abb61c135389b933d349ce7415a9,torvalds,"Use pkg-config to find hunspell instead of hardcoding it  Also add -Wall, and fix a compiler warning that showed up as a result.  It's all just slightly less hacky this way.  Signed-off-by: Linus Torvalds <torvalds@linux-foundation.org>",2026-01-19T17:08:48Z
torvalds,HunspellColorize,0d99d1c88a985e3ea9c189942dc2327924b25ddf,torvalds,"Update README about colorization..  I fixed the most obvious interaction with the ANSI color sequences that come from git colorizing its output, and this actually works surprisingly well.  I've been using this _while_ looking at doing the hunspell thing in uemacs, and I don't actually hate it.  Yes, it ends up bold-facing various random variable names and other things that aren't proper words, but it's less distracting than I thought it would be.  I'll still continue to look at uemacs - because catching this while writing commit messages is better than having ""git log"" show them later, but I think I might actually end up using both.  I continue to be surprised that google didn't show any pre-existing version of this silly tool.  The default output from 'hunspell' (and 'aspell' and friends - I don't want to claim that hunspell would be particularly bad, quite the reverse) has always struck me as fairly pointless.  Signed-off-by: Linus Torvalds <torvalds@linux-foundation.org>",2026-01-19T00:04:37Z
torvalds,HunspellColorize,d2f2439ecf5d5c70dbc25f635729a9ea17fe61a3,torvalds,"Stop being quite so lazy about line lengths and UTF-8  This deals with line lengths by ignoring the issue and just using a state machine on raw buffers.  It also deals with UTF-8 content using exactly the same ""ignore it"" way: just blithely assume that any non-US-ASCII characters are just letters in other alphabets.  Because ignorance is bliss, and that makes it do the right thing for Finnish and Swedish.  And presumably other languages that I don't speak too.  Of course, if you use use other encodings than UTF-8, you get what you deserve.  And even with UTF-8, this will get other Unicode things like half-space characters etc wrong, and just consider it all part of the word, and call you out on your odd spelling.  You win some, you lose some.  I'm not interested in doing an actual full Unicode lookup thing.  Signed-off-by: Linus Torvalds <torvalds@linux-foundation.org>",2026-01-18T21:55:16Z
torvalds,HunspellColorize,bc93b5011e24b56211ec806e0a1697d8ef3278d3,torvalds,"Do a really simple colorizing pager  This *must* exist somewhere, but google failed me and couldn't find it.  I want a simple pager that shows me my typos in commit messages etc.  I really should just integrate this into my editor instead, since that's the real problem here (and my fingers refuse to learn new things: believe me, I've tried), but I decided that the first step would be to just do a minimal wrapper around the hunspell library to at least learn how to use it.  This thing just exec's 'less' to do the actual paging, and inserts itself as a pipe between stdin and less. So you can do  	export LESS=-FRSX 	export GIT_PAGER=huncolor  and you are more or less done.  Well, you'd be done if this was slightly better - it doesn't do very well with code etc.  It's not *horrible*, and mostly works together with the native colorization, but it's not great either.  I might improve it, but as a proof-of-concept this is about as simple as it gets.  [ The ""build system"" is also as simple as it gets, and hardcodes the   hunspell version etc. I can't find it in myself to care right now ]  Signed-off-by: Linus Torvalds <torvalds@linux-foundation.org>",2026-01-18T19:53:56Z
torvalds,libdc-for-dirk,d02f1c3cdcc6a04d085538578d872ec6e3282382,torvalds,"Suunto EON Steel: set date too when doing device timesync  I'd never noticed this before, since my date had always been already set correctly, but the timesync with the EON Steel only set the time, not the date.  The fix is trivial, since the code already filled in the datetime data, it just didn't do the SET_DATE command.  Signed-off-by: Linus Torvalds <torvalds@linux-foundation.org>",2018-04-01T16:56:47Z
torvalds,libdc-for-dirk,0e0ee16ea69ae5d9eaf246f39e4c420a102d7046,dirkhh,Correctly fix build without HID support  Suggested by: Linus Torvalds <torvalds@linux-foundation.org> Signed-off-by: Dirk Hohndel <dirk@hohndel.org>,2018-03-31T18:42:46Z
torvalds,libdc-for-dirk,156cac65b6abed6835ba6fe1f0abf05abb3eb04c,dirkhh,"Revert ""Allow compilation on platforms without USBHID support""  This reverts commit 7444cca876cf1637fd7c3d4ad1e48145b215aed8.  The commit does what it advertises - but also breaks HID support everywhere else. Oops.  Reported-by: Linus Torvalds <torvalds@linux-foundation.org> Signed-off-by: Dirk Hohndel <dirk@hohndel.org>",2018-03-31T18:35:31Z
torvalds,libdc-for-dirk,9cda25a98bb2d3e00ea76e873cfd3191da37c27c,dirkhh,Merge pull request #14 from torvalds/Subsurface-branch  Merge with upstream libdivecomputer,2018-03-14T05:33:47Z
torvalds,libdc-for-dirk,c52becf6d47f058fc7a87b69a34a57259e4891e3,torvalds,Merge git://github.com/libdivecomputer/libdivecomputer into Subsurface-branch  Merge with upstream:   - support for the OSTC 2 TR   - add support for dive computer filtering for device discovery   - various cleanups particularly to timestamp handling   - remove half-duplex emulation from the I/O api  * 'master' of git://github.com/libdivecomputer/libdivecomputer:   Remove the half-duplex emulation from the I/O api   Handle the half-duplex emulation in the vyper2 backend   Use the new timer for the timestamps in the logging   Use the new timer for the timeout calculations   Add a high resolution timer module   Add functions for converting bluetooth addresses   Add support for the OSTC 2 TR   Add a workaround for invalid logbook begin pointers   Let the ringbuffer function handle a full ringbuffer   Suppress the warning if no O2 sensors are present   Integrate the connect step into the open function   Implement some filter functions   Add suport for applying a filter function   Re-write the device discovery using the iterator api   Cleanup the iterator internals,2018-03-11T19:43:59Z
torvalds,libdc-for-dirk,5b54386dbdf1e23300b2f3b57f369abcaa1b2714,torvalds,"remove the transfer type comments from the descriptor array  This basically reverts commit 4a3f7a7cce54 (""Mark DC descriptors with supported transport"").  The commit wasn't wrong, but it ends up having caused a *lot* of pain for merging, because it adds the transfer type marker to most lines in that descriptor array, and the end result is very painful to merge if upstream libdivecomputer ever changes any of the array entries (which happens fairly regularly, either because of format changes, or because a new entry is added).  It's probably better and simpler to simply have some entirely separate model for figuring out which dive computer supports which protocol. There are enough common rules (like ""old Suunto models are all FTDI"") that such a separate table probably would be simpler and clearer anyway.  This does not implement such a table, though - it just removes the information entirely.  Signed-off-by: Linus Torvalds <torvalds@linux-foundation.org>",2018-03-11T19:14:37Z
torvalds,libdc-for-dirk,f4e43afad9f113a4e83e7d9f507ffe3648842fc0,torvalds,"remove 'serial' number from descriptor array  I added this long ago as a merge fixup (see commit f9db4ca97c4b: ""Merge git://git.libdivecomputer.org/libdivecomputer into Subsurface-branch""), because some of the OSTC parser_create() functions take a serial number.  However, the serial number is never actually taken from the descriptor array, and if it was, it would be incorrect anyway.  None of the entries in the descriptor array actually have any, so it's always zero.  So just remove it, because it's a big pain whenever upstream changes the descriptor array format.  Signed-off-by: Linus Torvalds <torvalds@linux-foundation.org>",2018-03-11T18:59:40Z
torvalds,libdc-for-dirk,f5e10ff9bcb1963f8b1d1b2971244b39287d46e5,torvalds,"get rid of annoying compile warnings  This gets rid of the warnings in the build, mostly by just disabling them entirely, and in one case by adding a default statement to make the compiler not warn about lacking case statements for a switch() statement.  Some of the warnings really don't work that well for libdivecomputer (warning about pointer signs is very annoying when we mix regular strings and various ""unsigned char *"" raw data).  And some of the warnings we should probably re-enable once by one, and actually fix up.  But even the ones we should re-enable are right now more of a pain than they are worth, and nobody has had the energy to do so.  And as long as there are *so* many warnings, nobody likely will.  In the meantime, this gets rid of the harmless warnings, so that we can see if any *bad* warnings happen.  Signed-off-by: Linus Torvalds <torvalds@linux-foundation.org>",2018-03-11T19:08:13Z
torvalds,libdc-for-dirk,38ff1f75dd32f24a37bc4486c4850eb15a73a46c,jefdriesen,"Remove the half-duplex emulation from the I/O api  Now that the half-duplex emulation code isn't used anymore, it can be removed from the I/O stream api.",2018-02-24T08:48:17Z
torvalds,libdc-for-dirk,4897a8351bb5142c3fa13c97d41a5832b75205ab,jefdriesen,"Handle the half-duplex emulation in the vyper2 backend  The half-duplex emulation is basically a workaround for a timing problem in the vyper2 backend. Since no other dive computer backend uses or needs this feature, it makes no sense to support this at the I/O layer. It can be implemented directly in the vyper2 backend instead.",2018-02-24T08:16:23Z
torvalds,libdc-for-dirk,ee31f24cfb20c76dd0ba1d11ba087aaa51330ae1,jefdriesen,Use the new timer for the timestamps in the logging  Replace the platform specific code with the new timers.,2018-02-23T19:43:45Z
torvalds,libdc-for-dirk,eb4c150024edd7476aa5268b325be0091416e1ca,jefdriesen,Use the new timer for the timeout calculations  Replace the gettimeofday() based implementation with the new monotonic timers. This makes the implementation more robust against unexpected adjustments of the clock.,2018-02-23T19:20:34Z
torvalds,libdc-for-dirk,a8adb16c0d4a5cb0cda4a0671822e7078dd502cf,jefdriesen,"Add a high resolution timer module  The new timer module provides an cross-platform interface for a high resolution monotonic clock. The timestamps are always relative to the creation of the timer and their unit is one microseconds.  The timers can be used for logging, measuring elapsed time and implementing timeouts.",2018-02-23T19:03:13Z
torvalds,libdc-for-dirk,becaf02ab63a67d584fcaa64fe649b69bb7a931f,jefdriesen,Add functions for converting bluetooth addresses,2018-02-15T07:25:28Z
torvalds,libdc-for-dirk,efd47cd9a1333e4cd52bc2c126092ad30b45fe55,jefdriesen,"Add support for the OSTC 2 TR  The OSTC 2 TR add supports for one or more tank pressure transmitters, and the active transmitter is linked to the active gas mix.",2018-02-15T19:17:47Z
torvalds,libdc-for-dirk,7444cca876cf1637fd7c3d4ad1e48145b215aed8,dirkhh,Allow compilation on platforms without USBHID support  E.g. iOS.  Signed-off-by: Dirk Hohndel <dirk@hohndel.org>,2018-02-12T20:21:07Z
torvalds,libdc-for-dirk,8cf5209d318170d88a4b257d48dae1635d2eda53,dirkhh,"Revert ""Shearwater: correctly handle the different models""  This reverts commit 8ea8cebb4e6c3d86b9ceb2291caa077dabd2a3f7.  Well intended, but as Jef points out it breaks download from older Shearwater dive computers in certain situations.  Signed-off-by: Dirk Hohndel <dirk@hohndel.org>",2018-02-07T16:10:59Z
torvalds,libdc-for-dirk,0ac15dffd37075c902f2b59da6fb49008142e236,jefdriesen,"Add a workaround for invalid logbook begin pointers  Unfortunately there are several devices where an invalid logbook begin pointer occurs relative frequently. Typical examples are the Oceanic VT 4.1 and the Sherwood Wisdom 2. In such cases, the strict validation of the pointer causes the download to fail, without being able to download any dives at all.  Since the begin pointer is only needed to detect the oldest logbook entry, we can fall back to downloading the entire logbook ringbuffer. If we're lucky (and we usually are), we can detect the oldest entry by inspecting the logbook entries once they are downloaded (e.g. presence of uninitialized entries) and then the download will finish succesfully. In the worst case scenario, we'll be able to download at least some dives before hitting another error.",2018-02-05T19:16:48Z
torvalds,libdc-for-dirk,05f55222101ae4b248aaf353d1a47514126389ee,jefdriesen,Let the ringbuffer function handle a full ringbuffer  The ringbuffer_distance() function has a parameter to specify whether a ringbuffer with identical begin/end pointers should be considered an empty or a full ringbuffer. Hence there is no need to handle the case of a full ringbuffer manually.,2018-02-05T19:02:15Z
torvalds,libdc-for-dirk,9117b593fc4552b6140e9c51594a4289584df99c,jefdriesen,"Suppress the warning if no O2 sensors are present  The warning about disabling the O2 sensors due to factory default calibration values, applies only if there is at least one calibrated O2 sensor present.  This has no effect on the calibration bits, because those are already zero if there are no calibrated O2 sensors present.",2018-02-05T18:53:19Z
torvalds,libdc-for-dirk,85eef19f8f9b1510eb3ae6e79f96ee77b7b1a8b1,jefdriesen,"Integrate the connect step into the open function  There is no need to expose the two step connection setup of the underlying socket interface in the public api. Doing so may complicate the implementation on platforms where the native api is not based on the socket interface (e.g. Mac OS X).  Note that the function to connect based on the IrDA service name is removed. It's not used anywhere in libdivecomputer and since IrDA is an outdated technology nowadays, it's unlikely we'll need it in the future.",2017-12-19T19:25:07Z
torvalds,libdc-for-dirk,695212ddf8781807a087813d28f5f21201d6b089,jefdriesen,Merge branch 'discovery',2017-12-22T22:06:40Z
torvalds,libdc-for-dirk,0ce3bd3e6dd715aa78a73390db4203f29b003b39,jefdriesen,Implement some filter functions,2017-07-20T09:35:27Z
torvalds,libdc-for-dirk,30e406081780621b952791989c1f627c3865871e,jefdriesen,"Add suport for applying a filter function  The device descriptors are extended with a filter function. During the device discovery, this filter function is used to return only devices that match a known dive computer.  The filtering is optional, and can be disabled by passing a NULL pointer for the device descriptor when creating the iterator with one of the dc_xxx_iterator_new() functions.",2017-07-17T21:41:48Z
torvalds,libdc-for-dirk,ca91500ed5b42a8050f12ff20513bab1f1c40e4b,jefdriesen,"Re-write the device discovery using the iterator api  Replacing the callback based interface with an iterator based interface, results in a more extensible abstraction with a common interface for each of the built-in I/O implementations (serial, usbhid, irda and bluetooth).",2017-03-08T15:38:07Z
torvalds,libdc-for-dirk,fb0d0b269e87783e5e771071c02a76aa1e7dabbe,torvalds,Merge git://github.com/libdivecomputer/libdivecomputer into Subsurface-branch  Merge with upstream.  * git://github.com/libdivecomputer/libdivecomputer:   Simplify the conditional compilation   Disable some Windows specific compiler warnings   Use SDP to auto-detect the rfcomm port number   Use the actual IrDA device names   Use the correct data type for the temperature   Disable O2 sensors with default calibration values   Add support for the Seac Jack   Check for memory allocation errors   Erase the buffer before calling the vtable function   Replace hardcoded size with the sizeof operator   Use the correct model number for the Shearwater Nerd 2,2018-01-31T18:57:02Z
torvalds,libdc-for-dirk,296fad2d9d3387b8b3096c959fd48a659d126814,jefdriesen,Cleanup the iterator internals,2017-03-08T14:04:17Z
torvalds,libdc-for-dirk,f992d201ad955340e404e076c7cd227ad5413ce3,jefdriesen,"Simplify the conditional compilation  Move the global variables inside an existing conditionally compiled block, to remove some of the #ifdef's.",2017-12-05T20:11:35Z
torvalds,libdc-for-dirk,931d1857ce94b96c26468ce692454fcda8546875,jefdriesen,"Disable some Windows specific compiler warnings  The -Wno-pedantic-ms-format option is only needed for the MinGW target. But for some reason, the AX_APPEND_COMPILE_FLAGS macro enables the option for all other GCC targets too. But during compilation GCC outputs the warning ""unrecognized command line option"".",2017-10-25T14:13:35Z
torvalds,libdc-for-dirk,90eed3c790fcb1986a5ce665b8c0857bad85d486,jefdriesen,"Use SDP to auto-detect the rfcomm port number  When the port number is set to zero (which is an invalid value), detect the port number automatically. On Windows, we can simply supply the UUID of the serial port service, and the Windows api will take care of the discovery. On Linux (bluez), the SDP discovery needs to be performed manually to retrieve the port number.",2017-10-05T20:07:14Z
torvalds,libgit2,cf326948b13e066db18f86d3ea8a68916f972a2d,ethomson,"clone: test for cloning a repo with namespace scope  Test that we can successfully clone a repository that is namespace scoped on the remote and does not advertise a HEAD. To do this, we must specify the branch to checkout.",2022-09-16T22:02:22Z
torvalds,libgit2,9d9a90ad3d64d54948b736f6866a82c6670b61c1,ethomson,"clone: test bare clone namespaced repo with no HEAD  Test that we can successfully clone a repository that is namespace scoped to a bare repository locally. We need not specify a checkout branch in this case (obviously, since we do not check anything out in a bare clone).",2022-09-16T18:27:13Z
torvalds,libgit2,c928d96ea40a83713aaac523cd6e6bd5b5fb7490,ethomson,"clone: narrow success tests on HEAD-less remotes  Only allow the remote default branch checking to fail when the remote default branch doesn't exist (`git_remote__default_branch` returns `GIT_ENOTFOUND`). If there was any other type of error - for example, an allocation failure - we should not swallow that and continue to fail.  This allows us to support the case when a remote has not advertised a HEAD -- this is possible, for example, when the remote has constrained the caller to a particular namespace. But other remote failures remain as failures.",2022-08-22T01:55:25Z
torvalds,libgit2,ed27768458eceb576c6a1b15d1f01f67b5f43bd0,ethomson,Merge remote-tracking branch 'origin/main' into clone_namespace,2022-09-19T07:41:11Z
torvalds,libgit2,71071360e1d4cbf2b615c2f593f8d049606e6122,ethomson,Merge pull request #6403 from libgit2/ethomson/ci  CI Improvements,2022-09-16T15:21:00Z
torvalds,libgit2,ebb0830c65b97b971f5e2bc80647f7386d3e88df,ethomson,"ci: clean up daemon processes on exit  We previously (correctly) cleaned up the git daemon and SSH server, but failed to clean up our bespoke HTTP server and HTTP proxies. Capture their PIDs on process creation and kill them when we shut down.",2022-08-22T02:58:04Z
torvalds,libgit2,ec1aec36b3d47c7895ee6543a4e6e3ff0a3b7ae3,ethomson,ci: move to macos-11  GitHub has deprecated macOS 10.15; move to their new macOS 11 build servers.,2022-09-16T14:24:35Z
torvalds,libgit2,bf80cb63a50e5a3959c7d149910bf0f6e1f2bd0a,torvalds,"Don't fail the whole clone if you can't find a default branch  In commit 6bb358786 (""clone: set refs/remotes/origin/HEAD to default branch when branch is specified, attempt 2"") libgit2 was changed to set the default remote branch when one was copied.  But it makes update_head_to_branch() return an error if the origin doesn't even *have* a HEAD in the first place, since git_remote_default_branch() will fail.  That's entirely wrong, and means that you cannot do ""git_clone()"" of a particular branch on a remote repository when that remote doesn't have a default branch at all.  So don't set the error code.  Signed-off-by: Linus Torvalds <torvalds@linux-foundation.org>",2022-07-30T03:24:59Z
torvalds,libgit2,22f382539d78f69aa91721ad62bbd7229750a043,ethomson,Merge pull request #6357 from boretrk/testutil  clar: remove ftrunacte from libgit2 tests,2022-07-19T01:47:03Z
torvalds,libgit2,12d73c418253a5c396465079c2808e07de17a1db,boretrk,clar: remove ftrunacte from libgit2 tests,2022-07-14T16:28:58Z
torvalds,libgit2,ac0f2245510f6c75db1b1e7af7ca01c15dec26bc,ethomson,Merge pull request #6353 from libgit2/ethomson/flaky_googlesource  tests: skip flaky-ass googlesource tests,2022-07-14T03:12:42Z
torvalds,libgit2,46ce10f062e4ac681c3f1e14e2e871bb6e4c09bc,ethomson,Merge pull request #6354 from libgit2/ethomson/sha256_experimental  sha256: indirection for experimental functions,2022-07-14T03:12:26Z
torvalds,libgit2,b43567d655b6fbc562a165095a6980d19c4ae278,ethomson,sha256: indirection for experimental functions  The experimental function signature is only available when `GIT_EXPERIMENTAL_SHA256` is enabled.,2022-07-14T02:25:11Z
torvalds,libgit2,433a133402fae298f8ee7613bcfd997c2712d269,ethomson,Merge pull request #6191 from libgit2/ethomson/sha256_poc  RFC: SHA256 proof of concept,2022-07-14T01:08:04Z
torvalds,libgit2,cbd5319f505fd066a6bcb10c7c649be20d525061,ethomson,tests: skip flaky-ass googlesource tests,2022-07-14T00:56:03Z
torvalds,libgit2,21b70f09b4e3db188bf5e5813a9912ae89de355d,ethomson,Merge pull request #6352 from libgit2/ethomson/post_1.5.0  meta: update version number to v1.6.0-alpha,2022-07-14T00:48:04Z
torvalds,libgit2,43dd3700a2940679d15ea351f8394928f74510e4,ethomson,meta: update version number to v1.6.0-alpha,2022-07-14T00:17:27Z
torvalds,libgit2,fbea439d4b6fc91c6b619d01b85ab3b7746e4c19,ethomson,Merge pull request #6351 from libgit2/ethomson/v1.5.0  v1.5.0,2022-07-14T00:06:59Z
torvalds,libgit2,2be53a5da7022bc7b36f4172fa199f5fcecc3089,ethomson,v1.5: update version numbers,2022-07-08T03:13:23Z
torvalds,libgit2,2030358070662fbe3730fbd577c68747d172fd9a,ethomson,v1.5: update the changelog,2022-07-08T03:11:36Z
torvalds,libgit2,fb02e339fe4b38628aea7625d76d5e336d732a0c,ethomson,meta: update release.yml for security information,2022-07-13T16:27:43Z
torvalds,libgit2,3c8a860df4dd1dfe1aad74c884529184b7d932b2,ethomson,Merge pull request #6348 from lya001/fix-invalid-branch-name  Fix creation of branches and tags with invalid names,2022-07-13T14:19:14Z
torvalds,libgit2,be08ef7fd7d045a4bd0e3dfc059b32c1590b5016,ethomson,Update src/libgit2/tag.c,2022-07-13T02:39:25Z
torvalds,libgit2,b70dbaa2f295e5878c965835caf054b50faa9f41,ethomson,Merge pull request #6347 from libgit2/ethomson/no_pack_v3  pack: don't pretend we support pack files v3,2022-07-13T02:12:36Z
torvalds,libgit2,f6be8c2697724688eae780eb63ac4dc97423858b,ethomson,Apply suggestions from code review,2022-07-13T02:09:25Z
torvalds,libgit2,53cfad9e4b0faeb4e2f6385cafd5298cbb81b82b,ethomson,Merge pull request #6350 from libgit2/ethomson/zlib  zlib: update bundled zlib to v1.2.12,2022-07-12T19:07:11Z
torvalds,libgit2,4ae8704b9f4a53d4125e9195812890cbf64177c5,ethomson,Merge pull request #6349 from libgit2/ethomson/cve-2022-29187  Fixes for CVE 2022-29187,2022-07-12T18:42:50Z
torvalds,libgit2,af76267ad7a5fae5a8214ab587302dfc54c329d2,madler,zlib: Silence some warnings from Visual Studio C.,2022-03-28T17:50:16Z
torvalds,libgit2,39ba0ee6045a68e657e074d8290b4b77baae72c0,ahunt,"zlib: slide_hash: add MSAN annotation to suppress known read from uninitialised memory  slide_hash knowingly reads (possibly) uninitialised memory, see comment lower down about prev[n] potentially being garbage. In this case, the result is never used - so we don't care about MSAN complaining about this read.  By adding the no_sanitize(""memory"") attribute, clients of zlib won't see this (unnecessary) error when building and running with MemorySanitizer. An alternative approach is for clients to build zlib with -fsanitize-ignorelist=... where the ignorelist contains something like 'fun:slide_hash'. But that's more work and needs to be redone for any and all CI systems running a given project with MSAN. Adding this annotation to zlib's sources is overall more convenient - but also won't affect non-MSAN builds.  This specific issue was found while running git's test suite, but has also been reported by other clients, see e.g. #518.",2021-06-04T16:25:19Z
torvalds,libgit2,6febb7d7670cc1f2b112c1f1540cd872cb208f37,ethomson,zlib: declare prototypes for new functions  The `crc32_combine_gen64` missed a prototype in our define path. Add one.,2022-07-06T13:52:22Z
torvalds,linux,e43ffb69e0438cddd72aaa30898b4dc446f664f8,torvalds,Linux 7.1-rc6,2026-05-31T22:14:24Z
torvalds,linux,8d9c51eac648ec953ea534b536d62337be3744b7,torvalds,"Merge tag 'media/v7.1-4' of git://git.kernel.org/pub/scm/linux/kernel/git/mchehab/linux-media  Pull media fixes from Mauro Carvalho Chehab:   - rc: igorplugusb: fix control request setup packet   - vsp1: revert a couple patches to fix regressions when setting DRM    pipelines  * tag 'media/v7.1-4' of git://git.kernel.org/pub/scm/linux/kernel/git/mchehab/linux-media:   media: rc: igorplugusb: fix control request setup packet   Revert ""media: renesas: vsp1: brx: Fix format propagation""   Revert ""media: renesas: vsp1: Initialize format on all pads""",2026-05-31T18:50:39Z
torvalds,linux,968966c2823a4b426a1c71101cb682faa0982892,torvalds,"Merge tag 'x86-urgent-2026-05-31' of git://git.kernel.org/pub/scm/linux/kernel/git/tip/tip  Pull x86 fixes from Ingo Molnar:   - Make the clearcpuid= boot parameter less prominent    and warn about its dangers & caveats (Borislav Petkov)   - Do not access the (new) PLATFORM_ID MSR when running    as a guest (Borislav Petkov)   - x86 ftrace: Relocate %rip-relative percpu refs in dynamic    trampolines, to fix crash when using such trampolines    (Alexis Lothoré)   - Fix x86-64 CFI build error (Peter Zijlstra)   - Revert FPU signal return magic number check optimization,    because it broke CRIU and gVisor in certain FPU configurations    (Andrei Vagin)  * tag 'x86-urgent-2026-05-31' of git://git.kernel.org/pub/scm/linux/kernel/git/tip/tip:   Revert ""x86/fpu: Refine and simplify the magic number check during signal return""   x86/kvm/vmx: Fix x86_64 CFI build   x86/ftrace: Relocate %rip-relative percpu refs in dynamic trampolines   x86/microcode: Do not access MSR_IA32_PLATFORM_ID when running as a guest   Documentation/arch/x86: Hide clearcpuid=",2026-05-31T15:52:16Z
torvalds,linux,13bd441bb98e9cc91f9fb4449415e0519a0de7a9,torvalds,"Merge tag 'scsi-fixes' of git://git.kernel.org/pub/scm/linux/kernel/git/jejb/scsi  Pull SCSI fixes from James Bottomley:  ""Two core changes, the only one of significance being the change to   kick queues in SDEV_CANCEL which had a small window for stuck   requests.    The major driver fixes are the one to the FC transport class to widen   the FPIN counter to counter a theoretical (and privileged) fabric   traffic injection attack and the other is an iscsi fix where a   malicious target could trick the kernel into an output buffer overrun.    Both the driver fixes were AI assisted""  * tag 'scsi-fixes' of git://git.kernel.org/pub/scm/linux/kernel/git/jejb/scsi:   scsi: target: iscsi: Validate CHAP_R length before base64 decode   scsi: target: iscsi: Bound iscsi_encode_text_output() appends to rsp_buf   scsi: target: iscsi: Fix CRC overread and double-free in iscsit_handle_text_cmd()   scsi: fcoe: Reject FIP descriptors with zero fip_dlen in CVL walker   scsi: scsi_transport_fc: Widen FPIN pname walker counter to u32   scsi: scsi_debug: Add missing newline in scsi_debug_device_reset()   scsi: megaraid_sas: Fix NULL pointer dereference on firmware duplicate completion   scsi: devinfo: Add BLIST_NO_RSOC for Promise VTrak E310f   scsi: core: Run queues for all non-SDEV_DEL devices from scsi_run_host_queues",2026-05-31T15:45:08Z
torvalds,linux,9cf1afe6de1dc9dfced6070328626830794bac9d,torvalds,Merge tag 'i2c-for-7.1-rc6' of git://git.kernel.org/pub/scm/linux/kernel/git/wsa/linux  Pull i2c fixes from Wolfram Sang:   - davinci: fix fallback bus frequency on missing clock-frequency   - virtio: mark device ready initially  * tag 'i2c-for-7.1-rc6' of git://git.kernel.org/pub/scm/linux/kernel/git/wsa/linux:   i2c: virtio: mark device ready before registering the adapter   i2c: davinci: fix division by zero on missing clock-frequency,2026-05-31T15:33:08Z
torvalds,linux,227abb780c68687d6800cf9eafaff0cbeca4bf45,torvalds,"Merge tag 'input-for-v7.1-rc5' of git://git.kernel.org/pub/scm/linux/kernel/git/dtor/input  Pull input fixes from Dmitry Torokhov:   - updates to Elan I2C touchpad driver to handle a new IC type and to    validate size of supplied firmware to prevent OOB access   - updates to Xpad controller driver to recognize ASUS ROG RAIKIRI II    and ""Nova 2 Lite"" from GameSir controllers as well as a fix to    prevent a potential OOB access when handling ""Share"" button   - an update to Synaptics touchpad driver to use RMI mode for touchpad    in Thinkpad E490   - updates to Atmel MXT driver adding checks to prevent potential OOB    accesses   - a fix to IMS PCU driver to free correct amount of memory when tearing    it down   - a fixup to the recent change to Atlas buttons driver   - a small cleanup in fm801-fp for PCI IDs table initialisation  * tag 'input-for-v7.1-rc5' of git://git.kernel.org/pub/scm/linux/kernel/git/dtor/input:   Input: ims-pcu - fix usb_free_coherent() size in ims_pcu_buffers_free()   Input: synaptics - add LEN2058 to SMBus passlist for ThinkPad E490   Input: atlas - check ACPI_COMPANION() against NULL   Input: atmel_mxt_ts - check mem_size before calculating config memory size   Input: atmel_mxt_ts - fix boundary check in mxt_prepare_cfg_mem   Input: fm801-gp - simplify initialisation of pci_device_id array   Input: xpad - add ""Nova 2 Lite"" from GameSir   Input: xpad - add support for ASUS ROG RAIKIRI II   Input: elan_i2c - validate firmware size before use   Input: xpad - fix out-of-bounds access for Share button   Input: usbtouchscreen - clamp NEXIO data_len/x_len to URB buffer size   Input: elan_i2c - increase device reset wait timeout after update FW   Input: elan_i2c - add ic type 0x19",2026-05-31T15:27:18Z
torvalds,linux,174914ea551314c52a61713b9c4bde9e42d48073,torvalds,Merge tag 'v7.1-rc6-smb3-client-fixes' of git://git.samba.org/sfrench/cifs-2.6  Pull smb client fixes from Steve French:   - fix uninitialized variable in smb2_writev_callback()   - detect short folioq copy in cifs_copy_folioq_to_iter()  * tag 'v7.1-rc6-smb3-client-fixes' of git://git.samba.org/sfrench/cifs-2.6:   smb: client: fix uninitialized variable in smb2_writev_callback   smb: client: detect short folioq copy in cifs_copy_folioq_to_iter(),2026-05-31T00:05:58Z
torvalds,linux,9d87d0fc8c8e0a2a2b5026a169db2f270b4828c1,torvalds,"Merge tag 'liveupdate-fixes-2026-05-30' of git://git.kernel.org/pub/scm/linux/kernel/git/liveupdate/linux  Pull liveupdate fixes from Mike Rapoport:  ""Two kexec handover regression fixes:     - fix order calculation for kho_unpreserve_pages() to make sure sure      that the order calculation in kho_unpreserve_pages() mathes the      order calculation in kho_preserve_pages().     - fix math in calculation of KHO_TREE_MAX_DEPTH to make it work with      16KB pages""  * tag 'liveupdate-fixes-2026-05-30' of git://git.kernel.org/pub/scm/linux/kernel/git/liveupdate/linux:   kho: fix order calculation for kho_unpreserve_pages()   kho: fix KHO_TREE_MAX_DEPTH for non-4KB page sizes",2026-05-30T22:39:47Z
torvalds,linux,a29c0b0cafc78a45f44ac4a98efee0c11dd7996d,torvalds,"Merge tag 'fixes-2026-05-30' of git://git.kernel.org/pub/scm/linux/kernel/git/rppt/memblock  Pull memblock fix from Mike Rapoport:  ""Fix regression from memblock_free_late() refactoring    After refactoring of memblock_free_late() and free_init_pages() it   became possible to call memblock_free() after memblock init data was   discarded.    Make sure memblock_free() does not touch memblock.reserved unless it   is called early enough or when ARCH_KEEP_MEMBLOCK is enabled""  * tag 'fixes-2026-05-30' of git://git.kernel.org/pub/scm/linux/kernel/git/rppt/memblock:   memblock: don't touch memblock arrays when memblock_free() is called late",2026-05-30T22:37:05Z
torvalds,linux,171022c7d594c133a45f92357a2a91475edabe20,Unknown,"media: rc: igorplugusb: fix control request setup packet  Commit eac69475b01f (""media: rc: igorplugusb: heed coherency rules"") changed the control request storage from an embedded struct to an allocated pointer so it can obey DMA coherency rules.  However, the driver still passes &ir->request to usb_fill_control_urb(). That points the URB setup packet at the pointer field itself rather than at the allocated struct usb_ctrlrequest.  USB core then interprets pointer bytes as the setup packet. This can produce an invalid bRequestType and trigger the control direction warning reported by syzbot:    usb 2-1: BOGUS control dir, pipe 80003580 doesn't match bRequestType 0  Pass ir->request itself as the setup packet.  Fixes: eac69475b01f (""media: rc: igorplugusb: heed coherency rules"") Reported-by: syzbot+11f0e4f957c7c3bf3d51@syzkaller.appspotmail.com Closes: https://syzkaller.appspot.com/bug?extid=11f0e4f957c7c3bf3d51 Tested-by: syzbot+11f0e4f957c7c3bf3d51@syzkaller.appspotmail.com Cc: stable@vger.kernel.org Assisted-by: Codex:GPT-5.5 Signed-off-by: Henri A <contact@henrialfonso.com> Signed-off-by: Sean Young <sean@mess.org> Signed-off-by: Hans Verkuil <hverkuil+cisco@kernel.org>",2026-05-20T14:25:44Z
torvalds,linux,670b77dfebe7257adc0defbc48a4c43cfdf6c8f6,torvalds,"Merge tag 'usb-7.1-rc6' of git://git.kernel.org/pub/scm/linux/kernel/git/gregkh/usb  Pull USB and Thunderbolt fixes from Greg KH:  ""Here is a set of USB fixes and new device ids for 7.1-rc6. Nothing   major in here, just lots of tiny fixes for reported issues found by   users and some older patches found by some scanning tools. Included in   here are:     - typec fixes found by fuzzers that have decided to finally look at      that device interaction path (i.e. before a driver is bound to a      device)     - typec fixes for issues found by users     - thunderbolt driver fixes for reported problems     - cdns3 driver fixes     - dwc3 driver fixes     - new device quirks added     - usb serial driver fixes for broken devices     - other small driver fixes    All of these have been in linux-next for over a week with no reported   issues""  * tag 'usb-7.1-rc6' of git://git.kernel.org/pub/scm/linux/kernel/git/gregkh/usb: (54 commits)   USB: serial: cypress_m8: validate interrupt packet headers   USB: serial: safe_serial: fix memory corruption with small endpoint   USB: serial: omninet: fix memory corruption with small endpoint   USB: serial: mxuport: fix memory corruption with small endpoint   USB: serial: cypress_m8: fix memory corruption with small endpoint   USB: cdc-acm: Fix bit overlap and move quirk definitions to header   usb: dwc2: Fix use after free in debug code   usb: chipidea: core: convert ci_role_switch to local variable   usb: gadget: f_fs: serialize DMABUF cancel against request completion   usb: gadget: f_fs: copy only received bytes on short ep0 read   usb: gadget: dummy_hcd: Reject hub port requests for non-existent ports   dt-bindings: usb: Fix EIC7700 USB reset's issue   usbip: vudc: Fix use after free bug in vudc_remove due to race condition   dt-bindings: usb: ti,omap4-musb: Drop duplicate 'usb-phy' property constraints   usb: storage: Add quirks for PNY Elite Portable SSD   USB: quirks: add NO_LPM for Lenovo ThinkPad USB-C Dock Gen2 hub controllers   usb: usbtmc: reject interrupt endpoints with small wMaxPacketSize   usb: usbtmc: check URB actual_length for interrupt-IN notifications   xhci: tegra: Fix ghost USB device on dual-role port unplug   usb: gadget: uvc: hold opts->lock across XU walks in uvc_function_bind   ...",2026-05-30T15:37:45Z
torvalds,linux,495fb8dd7f1da991c5325f4a0a50d0b042f19523,torvalds,"Merge tag 'tty-7.1-rc6' of git://git.kernel.org/pub/scm/linux/kernel/git/gregkh/tty  Pull tty/serial driver fixes from Greg KH:  ""Here are some small serial driver fixes for 7.1-rc6. Included in here   are:     - mips serial driver fixes to resolve some long-standing issues with      how they interacted with the console. That's the ""majority"" of the      changes in this merge request     - sh-sci driver regression fix     - 8250 driver regression fixes     - other small serial driver fixes for reported problems.    All of these have been in linux-next for over a week with no reported   issues""  * tag 'tty-7.1-rc6' of git://git.kernel.org/pub/scm/linux/kernel/git/gregkh/tty:   serial: dz: Enable modular build   serial: zs: Convert to use a platform device   serial: dz: Convert to use a platform device   serial: zs: Switch to using channel reset   serial: zs: Fix bootconsole handover lockup   serial: dz: Fix bootconsole handover lockup   serial: dz: Fix bootconsole message clobbering at chip reset   serial: 8250_dw: dispatch SysRq character in dw8250_handle_irq()   serial: 8250: dispatch SysRq character in serial8250_handle_irq()   serial: core: introduce guard(uart_port_lock_check_sysrq_irqsave)   tty: serial: samsung: Remove redundant port lock acquisition in rx helpers   serial: altera_jtaguart: handle uart_add_one_port() failures   serial: qcom_geni: fix kfifo underflow when flush precedes DMA completion IRQ   serial: fsl_lpuart: fix rx buffer and DMA map leaks in start_rx_dma   tty: add missing tty_driver include to tty_port.h   serial: qcom-geni: fix UART_RX_PAR_EN bit position   serial: sh-sci: fix memory region release in error path   tty: serial: pch_uart: add check for dma_alloc_coherent()   serial: zs: Fix swapped RI/DSR modem line transition counting",2026-05-30T15:34:03Z
torvalds,linux,25447851777a53bd4b501e7f2cb418332ad584cc,torvalds,"Merge tag 'char-misc-7.1-rc6' of git://git.kernel.org/pub/scm/linux/kernel/git/gregkh/char-misc  Pull char/misc/iio fixes from Greg KH:  ""Here are some small char/misc/iio driver fixes for 7.1-rc6. Included   in here are:     - lots of small IIO driver fixes for reported problems.     - Android binder bugfixes for reported issues.     - small comedi test driver fixes     - counter driver fix     - parport driver fix (people still use this?)     - rpi driver fix     - uio driver fix    All of these have been in linux-next for over a week with no reported   problems""  * tag 'char-misc-7.1-rc6' of git://git.kernel.org/pub/scm/linux/kernel/git/gregkh/char-misc: (41 commits)   Revert ""gpib: cb7210: Fix region leak when request_irq fails""   misc: rp1: Send IACK on IRQ activate to fix kdump/kexec   gpib: cb7210: Fix region leak when request_irq fails   parport: Fix race between port and client registration   uio: uio_pci_generic_sva: fix double free of devm_kzalloc() memory   rust_binder: Avoid holding lock when dropping delivered_death   rust_binder: avoid calling pending_oneway_finished() on TF_UPDATE_TXN   comedi: comedi_test: fix check for valid scan_begin_src in waveform_ai_cmdtest()   comedi: comedi_test: Fix limiting of convert_arg in waveform_ai_cmdtest()   iio: adc: viperboard: Fix error handling in vprbrd_iio_read_raw   iio: gyro: itg3200: fix i2c read into the wrong stack location   iio: dac: ad5686: fix powerdown control on dual-channel devices   iio: dac: ad5686: acquire lock when doing powerdown control   iio: temperature: tsys01: fix broken PROM checksum validation   iio: dac: ad3530r: Fix AD3531/AD3531R powerdown mode strings   iio: buffer: hw-consumer: fix use-after-free in error path   iio: dac: ad5686: fix input raw value check   iio: dac: ad5686: fix ref bit initialization for single-channel parts   iio: ssp_sensors: cancel delayed work_refresh on remove   iio: adc: meson-saradc: fix calibration buffer leak on error   ...",2026-05-30T15:30:12Z
torvalds,linux,1d774589f924056b8403e271fdecaf9a803a50fc,Unknown,"i2c: virtio: mark device ready before registering the adapter  virtio_i2c_probe() synchronously probes child i2c drivers on the bus, but peripherals may use the bus at probe for tasks like reading a chip id. The vhost-user-i2c backend stalls at such probes unless DRIVER_OK is already set before the virtqueue is first kicked.  Set DRIVER_OK explicitly before i2c_add_adapter(), as done for the same reason in commit f5866db64f34 (""virtio_console: enable VQs early"") and commit 71e4b8bf0482 (""virtio_rpmsg: set DRIVER_OK before using device"").  Signed-off-by: Alexis Bouzigues <BouziguesAlexis@JohnDeere.com> Signed-off-by: Wolfram Sang <wsa+renesas@sang-engineering.com>",2026-05-29T14:28:14Z
torvalds,linux,e2aecff95bc6d59030332959a18f8c9f654961be,Unknown,Merge tag 'i2c-host-fixes-7.1-rc6' of git://git.kernel.org/pub/scm/linux/kernel/git/andi.shyti/linux into i2c/for-current  i2c-host-fixes for v7.1-rc6  davinci: fix fallback bus frequency on missing clock-frequency,2026-05-30T13:50:41Z
torvalds,linux,05d5d79440c2cc0784f91b61f2012753e66be472,gregkh,"Revert ""gpib: cb7210: Fix region leak when request_irq fails""  This reverts commit 2eae90a457baa0048a96ed38ad93090ee38c8b2f.  Turns out not to be correct.  Link: https://lore.kernel.org/r/PpNUbGhrvT8I_KayoDvQYI2PYjmMw1QEkuVBDZz2PwBsVVgPkBXJarc2mBM0IhiH3AQG0GtgqEsDRXNj3yUKEDBaZa25u73pAjvcE6vfRsg=@protonmail.com Reported-by: Dominik Karol Piątkowski <dominik.karol.piatkowski@protonmail.com> Cc: Mark Brown <broonie@kernel.org> Cc: Hongling Zeng <zhongling0719@126.com> Cc: Hongling Zeng <zenghongling@kylinos.cn> Signed-off-by: Greg Kroah-Hartman <gregkh@linuxfoundation.org>",2026-05-30T10:25:36Z
torvalds,linux,1246c246d9f684599e1dd7498043062c89fb0a36,torvalds,Merge tag 'v7.1-rc6-ksmbd-server-fixes' of git://git.samba.org/ksmbd  Pull smb server fixes from Steve French:   - security fix for FSCTL_SET_SPARSE   - fix leak in ksmbd_query_inode_status()   - fix OOB read in smb_check_perm_dacl()  * tag 'v7.1-rc6-ksmbd-server-fixes' of git://git.samba.org/ksmbd:   ksmbd: fix FSCTL permission bypass by adding a permission check for FSCTL_SET_SPARSE   ksmbd: release ksmbd_inode ref via ksmbd_inode_put on lookup paths   ksmbd: OOB read regression in smb_check_perm_dacl() ACE-walk loops,2026-05-30T04:50:56Z
torvalds,linux,2765233a483febb1bf56f0abdcc5aa06d25633d7,torvalds,"Merge tag 'drm-fixes-2026-05-30' of https://gitlab.freedesktop.org/drm/kernel  Pull drm fixes from Dave Airlie:  ""Regular pull, doesn't seem too insane or AI owned, couple of UAF fixes   and another repair for an earlier fix, mostly amdgpu and i915 display   with xe/i915 accel, and misc core/driver fixes.    It might be a bit bigger than usual at this stage, but I'm not seeing   anything too scary here.    dumb-buffer:    - prevent overflows in dumb-buffer creation    dma-buf:    - fix UAF in dma_buf_fd() tracepoint    gem:    - fix for the fix for the fix for the change handle ioctl    i915:    - Fix potential UAF in TTM object purge    - Use polling when irqs are unavailable    - Fix HDR pre-CSC LUT programming loop    - Block DC states on vblank enable when Panel Replay supported    - Use DC_OFF wake reference to block DC6 on vblank enable    xe:    - Restore IDLEDLY regiter on engine reset    amdgpu:    - GEM_OP warning fix    - GEM_OP locking fix    - Userq fixes    - DCN 2.1 refclk fix    - SI fix    - HMM fixes    amdkfd:    - svm_range_set_attr locking fix    - CRIU restore fix    - KFD debugger fix    amdxdna:    - require IOMMU on AIE2    hyperv:    - improve protocol validation    ivpu:    - test write offset in debugfs    rocket:    - fix UAF in bo creation""  * tag 'drm-fixes-2026-05-30' of https://gitlab.freedesktop.org/drm/kernel: (33 commits)   drm/gem: fix race between change_handle and handle_delete   drm: prevent integer overflows in dumb buffer creation helpers   dma-buf: fix UAF in dma_buf_fd() tracepoint   drm/amdgpu: fix calling VM invalidation in amdgpu_hmm_invalidate_gfx   drm/amdgpu: fix amdgpu_hmm_range_get_pages   drm/amdgpu/userq: use array instead of list for userq_vas   drm/amdgpu/userq: move mqd_destroy to later stage to keep core obj valid   drm/amdkfd: fix a vulnerability of integer overflow in kfd debugger   drm/amdgpu/userq: remove amdgpu_userq_create/destroy_object wrapper   drm/amd/pm/si: Disregard vblank time when no displays are connected   drm/amdkfd: Check for pdd drm file first in CRIU restore path   drm/amdgpu: fix potential overflow in fs_info.debugfs_name   drm/amdgpu/userq: make sure queue is valid in the hang_detect_work   drm/amdgpu/userq: reserve root bo without interruption   drm/amdgpu/userq: add amdgpu_bo_unpin when amdgpu_ttm_alloc_gart fails   drm/amdgpu: simplify return value in amdgpu_userq_get_doorbell_index   drm/amdkfd: fix NULL pointer bug in svm_range_set_attr   drm/amd/display: Write REFCLK to 48MHz on DCN21   drm/amdgpu/userq: Fix the mutex_init cleanup for fence_drv_lock   drm/amdgpu/userq: Fix doorbell object cleanup of queue   ...",2026-05-30T02:08:20Z
torvalds,linux,f5e5d3509bffb95c6648eb9795f7f236852ae62d,torvalds,"Merge tag 'spi-fix-v7.1-rc5' of git://git.kernel.org/pub/scm/linux/kernel/git/broonie/spi  Pull spi fixes from Mark Brown:  ""One substantive fix here, fixing corruption of the maximum frequency   for spi-mem operations which caused users to remember what should have   been a temporarily modified maximum frequency as the standard going   forward, potentially causing instability when the modification raised   rather than lowered the frequency.    We also have a trivial patch which just documents the correct way to   describe the Qualcomm IPQ5210 SNAND controller in the DT, there are no   code changes""  * tag 'spi-fix-v7.1-rc5' of git://git.kernel.org/pub/scm/linux/kernel/git/broonie/spi:   spi: spi-mem: avoid mutating op template in spi_mem_supports_op()   spi: dt-bindings: spi-qpic-snand: Add ipq5210 compatible",2026-05-30T01:07:37Z
torvalds,linux,230ff934f744a4c2e4b74893ccf6734f6556db90,torvalds,"Merge tag 'regmap-fix-v7.1-rc5' of git://git.kernel.org/pub/scm/linux/kernel/git/broonie/regmap  Pull regmap fix from Mark Brown:  ""Some other fixing in an API user turned up the fact that we weren't   correctly applying cache only mode to volatile registers in   regmap_update_bits(), causing us to try to access hardware that was   powered off or otherwise not in a state to accept I/O. This fix   returns an error instead, avoiding more serious consequences""  * tag 'regmap-fix-v7.1-rc5' of git://git.kernel.org/pub/scm/linux/kernel/git/broonie/regmap:   regmap: reject volatile update_bits() in cache-only mode",2026-05-29T23:39:56Z
torvalds,linux,f3be0c984ecbcb82b0bec408022c4ef738cb3843,torvalds,"Merge tag 'net-7.1-rc6-2' of git://git.kernel.org/pub/scm/linux/kernel/git/netdev/net  Pull more networking fixes from Jakub Kicinski:  ""Quick follow up, nothing super urgent here. Main reason I'm sending   this out is because the IPsec and Bluetooth PRs did not make it   yesterday. I don't want to have to send you all of this + whatever   comes next week, for rc7. The fixes under ""Previous releases -   regressions"" are for real user-reported regressions from v7.0.    Previous releases - regressions:     - Revert ""ipv6: preserve insertion order for same-scope addresses""     - xfrm: move policy_bydst RCU sync, a fix which added a sync RCU on      netns exit got backported to stable and was causing serious      accumulation of dying netns's for real workloads     - pcs-mtk-lynxi: fix bpi-r3 serdes configuration    Previous releases - always broken:     - usual grab bag of race, locking and leak fixes for Bluetooth     - handful of page handling fixes for IPsec""  * tag 'net-7.1-rc6-2' of git://git.kernel.org/pub/scm/linux/kernel/git/netdev/net: (36 commits)   wireguard: send: append trailer after expanding head   Revert ""ipv6: preserve insertion order for same-scope addresses""   net: skbuff: fix pskb_carve leaking zcopy pages   ipv6: fix possible infinite loop in fib6_select_path()   ipv6: fix possible infinite loop in rt6_fill_node()   bpf: sockmap: fix tail fragment offset in bpf_msg_push_data   vsock/virtio: bind uarg before filling zerocopy skb   Revert ""esp: fix page frag reference leak on skb_to_sgvec failure""   net: pcs: pcs-mtk-lynxi: fix bpi-r3 serdes configuration   sctp: fix race between sctp_wait_for_connect and peeloff   net: mana: Skip redundant detach on already-detached port   net: mana: Add NULL guards in teardown path to prevent panic on attach failure   Bluetooth: hci_sync: Reset device counters in hci_dev_close_sync()   Bluetooth: hci_sync: Set HCI_CMD_DRAIN_WORKQUEUE during device close   Bluetooth: hci_core: Rework hci_dev_do_reset() to use hci_sync functions   Bluetooth: ISO: serialize iso_sock_clear_timer with socket lock   Bluetooth: ISO: fix UAF in iso_recv_frame   Bluetooth: L2CAP: Fix possible crash on l2cap_ecred_conn_rsp   Bluetooth: l2cap: clear chan->ident on ECRED reconfiguration success   Bluetooth: hci_qca: Use 100 ms SSR delay for rampatch and NVM loading   ...",2026-05-29T22:46:40Z
torvalds,linux,77590cacabb3bffba7e2e95c359889bc44241b68,torvalds,"Merge tag 'clang-fixes-7.1-2' of git://git.kernel.org/pub/scm/linux/kernel/git/nathan/linux  Pull clang build fix from Nathan Chancellor:  ""A small fix to disable -Wattribute-alias for clang in the few places   it is already disabled for GCC, now that tip of tree clang has   implemented -Wattribute-alias as GCC has""  * tag 'clang-fixes-7.1-2' of git://git.kernel.org/pub/scm/linux/kernel/git/nathan/linux:   Disable -Wattribute-alias for clang-23 and newer",2026-05-29T22:17:53Z
torvalds,linux,44eeff9bc467bc7d1fec34fc3f6001f385fe462c,avagin,"Revert ""x86/fpu: Refine and simplify the magic number check during signal return""  This reverts    dc8aa31a7ac2 (""x86/fpu: Refine and simplify the magic number check during signal return"").  The aforementioned commit broke applications that construct signal frames in userspace (such as CRIU and gVisor) if the frame's xstate size is smaller than the kernel's fpstate->user_size.  Furthermore, this introduces a critical issue for checkpoint/restore tools like CRIU. If a process is checkpointed while inside a signal handler, its stack contains a signal frame formatted according to the source host's xstate capabilities.  If that process is later restored on a destination host with larger xstate capabilities (e.g., a newer CPU with more features enabled, resulting in a larger fpstate->user_size), the kernel will look for FP_XSTATE_MAGIC2 at the destination host's larger user_size offset instead of the offset encoded in the frame's fx_sw->xstate_size.  This causes the magic2 check to fail, forcing sigreturn to silently fall back to ""FX-only"" mode. Upon return from the signal handler, the process's extended state is reset to initial values instead of being restored, leading to silent data corruption.  The aforementioned commit cited    d877550eaf2d (""x86/fpu: Stop relying on userspace for info to fault in xsave buffer"")  as justification to stop relying on userspace for the magic number check.  However, these two changes are fundamentally different. The last one only changed how much memory the kernel ensures is paged-in before running XRSTOR to prevent an infinite loop. It did not change the signal frame format or how the layout is validated.  Reverting this change restores the use of fx_sw->xstate_size for locating magic2 and restores the necessary sanity checks, ensuring that the signal frame remains self-describing and portable.    [ bp: Massage commit message. ]  Fixes: dc8aa31a7ac2 (""x86/fpu: Refine and simplify the magic number check during signal return"") Signed-off-by: Andrei Vagin <avagin@google.com> Signed-off-by: Borislav Petkov (AMD) <bp@alien8.de> Acked-by: Chang S. Bae <chang.seok.bae@intel.com> Cc: stable@vger.kernel.org Link: https://lore.kernel.org/all/20260429000623.3356606-1-avagin@google.com",2026-05-26T20:50:43Z
torvalds,linux,7164d78559b0ff29931a366a840a9e5dd53d4b7c,reyn-osec,"drm/gem: fix race between change_handle and handle_delete  drm_gem_change_handle_ioctl leaves the old handle live in the IDR during the window between spin_unlock(table_lock) and the final spin_lock(table_lock). A concurrent drm_gem_handle_delete on the old handle succeeds in this window, decrements handle_count to 0, and frees the GEM object while the new handle's IDR entry still references it.  NULL the old handle's IDR entry before dropping table_lock so that any concurrent GEM_CLOSE on the old handle sees NULL and returns -EINVAL. Restore the old entry on the prime-bookkeeping error path.  Fixes: 5e28b7b94408 (""drm: Set old handle to NULL before prime swap in change_handle"") Signed-off-by: Zhenghang Xiao <kipreyyy@gmail.com> Cc: stable@vger.kernel.org Signed-off-by: Dave Airlie <airlied@redhat.com> Link: https://patch.msgid.link/20260526085313.26791-1-kipreyyy@gmail.com",2026-05-26T08:53:13Z
torvalds,linux,d0ee290071b475410476b4126c72da4bf6a2194c,torvalds,"Merge tag 'for-linus' of git://git.kernel.org/pub/scm/virt/kvm/kvm  Pull kvm fixes from Paolo Bonzini:  ""arm64:     - Restore CONFIG_PKVM_DISABLE_STAGE2_ON_PANIC to its former glory by      making sure the config symbol is correctly spelled out in the code     - Don't reset the AArch32 view of the PMU counters to zero when the      guest is writing to them     - Fix an assorted collection of memory leaks in the newly added      tracing code     - Fix the capping of ZCR_EL2 which could be used in an unsanitised      way by an L2 guest    x86:     - Include the kernel's linux/mman.h in KVM selftests to ensure      MADV_COLLAPSE is defined, as older libc versions may not provide      it.     - Include execinfo.h if and only if KVM selftests are building      against glibc, and provide a test_dump_stack() for non-glibc      builds.     - Silence an annoying RCU splat on (even non-KVM-related) panics.       The splat is technically legit, but in practice not an issue. To      have a race, you would need to unload the KVM modules at exactly      the time a panic happens; and speaking of incredibly rare races,      taking the locks risks introducing a deadlock if the module unload      code took the lock on a CPU that has been halted. Which seems      possibly more likely than the RCU grace period issue, so just shut      it up. This code used to be in KVM but is now outside it; but the      x86 maintainers haven't picked it up, so here we are.     - Rate-limit global clock updates once again (but without delayed      work), as KVM was subtly relying on the old rate-limiting for NPT      correction to guard against ""update storms"" when running without a      master clock on systems with overcommitted CPUs.     - Fix a brown paper bag goof where KVM checked if ERAPS is ""dirty""      instead of marking it dirty when emulating INVPCID.     - Flush the TLB when transitioning from xAVIC => x2AVIC to ensure the      CPU TLB doesn't contain AVIC-tagged entries for the APIC base GPA.     - The top 10 commits fix buffer overflow (and potential TOC/TOU)      flaws in the page state change protocol for encrypted VMs. AI      models find it quite easily given it was reported three times, but      aren't as good at writing a comprehensive fix. There's more to      clean up in the area, which will come in 7.2""  * tag 'for-linus' of git://git.kernel.org/pub/scm/virt/kvm/kvm: (22 commits)   KVM: SEV: Use READ_ONCE() when reading entries/indices from PSC buffer   KVM: SEV: Check PSC request indices against the actual size of the buffer   KVM: SEV: Don't explicitly pass PSC buffer to snp_begin_psc()   KVM: SEV: WARN if KVM attempts to setup scratch area with min_len==0   KVM: SEV: Compute the correct max length of the in-GHCB scratch area   KVM: SEV: Use the size of the PSC header as the minimum size for PSC requests   KVM: SEV: Ignore Port I/O requests of length '0'   KVM: SEV: Reject MMIO requests larger than 8 bytes with GHCB v2+   KVM: SEV: Ignore MMIO requests of length '0'   KVM: SEV: Require in-GHCB scratch area if GHCB v2+ is in use   KVM: arm64: Correctly cap ZCR_EL2 provided by a guest hypervisor   KVM: arm64: Fix memory leak in hyp_trace_unload()   KVM: arm64: Fix rollback in hyp_trace_buffer_share_hyp()   KVM: arm64: Fix meta-page unsharing in pKVM hyp tracing   KVM: arm64: PMU: Preserve AArch32 counter low bits   KVM: SVM: Flush the current TLB when transitioning from xAVIC => x2AVIC   KVM: x86: Fix ERAPS RAP clear on INVPCID single-context invalidation   KVM: arm64: Fix CONFIG_PKVM_DISABLE_STAGE2_ON_PANIC   KVM: selftests: Guard execinfo.h inclusion for non-glibc builds   KVM: x86: Rate-limit global clock updates on vCPU load   ...",2026-05-29T20:47:55Z
torvalds,linux,6e40c937893338ed0b627c08f712ce7d66ddcf84,airlied,Merge tag 'drm-misc-fixes-2026-05-29' of https://gitlab.freedesktop.org/drm/misc/kernel into drm-fixes  Short summary of fixes pull:  amdxdna: - require IOMMU on AIE2  dumb-buffer: - prevent overflows in dumb-buffer creation  dma-buf: - fix UAF in dma_buf_fd() tracepoint  hyperv: - improve protocol validation  ivpu: - test write offset in debugfs  rocket: - fix UAF in bo creation  Signed-off-by: Dave Airlie <airlied@redhat.com>  From: Thomas Zimmermann <tzimmermann@suse.de> Link: https://patch.msgid.link/20260529070009.GA313534@linux.fritz.box,2026-05-29T20:39:58Z
torvalds,linux,78ef59e7a6459b16f8102e0ee1c718443323d1af,kuba-moo,"Merge branch 'wireguard-fixes-for-7-1-rc6'  Jason A. Donenfeld says:  ==================== WireGuard fixes for 7.1-rc6  Please find one small patch, fixing the order of adding padding onto a packet, to ensure padding bytes get zeroed properly. ====================  Link: https://patch.msgid.link/20260529173134.3080773-1-Jason@zx2c4.com Signed-off-by: Jakub Kicinski <kuba@kernel.org>",2026-05-29T20:01:31Z
torvalds,linux,f75e3eb08fe31d30a9af6ed80cdd22e6772837e2,zx2c4,"wireguard: send: append trailer after expanding head  With how this is currently written, we add the trailer, zero it out, and then add the header space on. If that header space requires a reallocation + copy, the zeros in the trailer aren't copied, because the skb len hasn't actually been yet expanded to cover that. Instead add the padding at the end of the process rather than at the beginning.  Fixes: e7096c131e51 (""net: WireGuard secure network tunnel"") Cc: stable@vger.kernel.org Signed-off-by: Jason A. Donenfeld <Jason@zx2c4.com> Link: https://patch.msgid.link/20260529173134.3080773-2-Jason@zx2c4.com Signed-off-by: Jakub Kicinski <kuba@kernel.org>",2026-05-29T17:31:34Z
torvalds,linux,072aa0f5c3d8f11f3159037418ec45edce7440b8,ffmancera,"Revert ""ipv6: preserve insertion order for same-scope addresses""  Chris Adams reported that preserving insertion order for same-scope addresses is causing SSH connections to be dropped after stopping a VM while running NetworkManager.  NetworkManager caches the IPv6 address configuration, when a RA arrives, it determines the list of addresses to configure and checks if the addresses are already in the right order in the kernel. If they aren't, NetworkManager removes and re-adds them to achieve the desired order.  As the order changes, NetworkManager is confused and reconfigures the addresses on every update. In addition, this would also affect to cloud tooling that relies on IPv6 addresses order to identify primary and secondaries addresses.  This reverts commit cb3de96eea66f5e4a580086c6a1be46e765f97f4.  Fixes: cb3de96eea66 (""ipv6: preserve insertion order for same-scope addresses"") Reported-by: Chris Adams <linux@cmadams.net> Closes: https://lore.kernel.org/netdev/20260521135310.GC977@cmadams.net/ Signed-off-by: Fernando Fernandez Mancera <fmancera@suse.de> Link: https://patch.msgid.link/20260529112357.5079-1-fmancera@suse.de Signed-off-by: Jakub Kicinski <kuba@kernel.org>",2026-05-29T11:23:57Z
torvalds,linux,c84ff04def255edb51e57c9f969efdfade0da16a,kuba-moo,"Merge tag 'ipsec-2026-05-29' of git://git.kernel.org/pub/scm/linux/kernel/git/klassert/ipsec  Steffen Klassert says:  ==================== pull request (net): ipsec 2026-05-29  1) xfrm: route MIGRATE notifications to caller's netns    Thread the caller's netns through km_migrate() so that    MIGRATE notifications go to the issuing netns, fixing both the    init_net listener leak and MOBIKE notifications inside    non-init netns. From Maoyi Xie.  2) xfrm: ipcomp: Free destination pages on acomp errors    Move the out_free_req label up so that allocated destination    pages are released on decompression errors, not only on success.    From Herbert Xu.  3) xfrm: Check for underflow in xfrm_state_mtu    Reject configurations that cause xfrm_state_mtu() to underflow,    preventing a negative TFCPAD value from becoming a memset size    that triggers an out-of-bounds write of several terabytes.    From David Ahern.  4) xfrm: ah: use skb_to_full_sk in async output callbacks    Convert the possibly-incomplete skb->sk to a full socket pointer    in async AH callbacks so that a request_sock or timewait_sock    never reaches xfrm_output_resume() downstream consumers.    From Michael Bommarito.  5) Add and revert: esp: fix page frag reference leak on skb_to_sgvec failure    The patch does not fix te issue completely.  6) xfrm: esp: restore combined single-frag length gate    Check the aligned post-trailer combined length against a page limit    in the fast path, preventing skb_page_frag_refill() from falling    back to a page too small for the destination scatterlist.    From Jingguo Tan.  7) xfrm: iptfs: reset runtime state when cloning SAs    Reinitialise the clone's mode_data runtime objects before    publishing it, preventing queued skbs from being freed with    list state copied from the original SA when migration fails.    From Shaomin Chen.  8) xfrm: move policy_bydst RCU sync from per-netns .exit to .pre_exit    Flush policy tables and drain the workqueue in a .pre_exit handler    so that cleanup_net() pays one RCU grace period per batch instead    of one per namespace, fixing stalls at high CLONE_NEWNET rates.    From Usama Arif.  9) xfrm: input: hold netns during deferred transport reinjection    Take a netns reference when queueing deferred transport reinjection    work and drop it after the callback completes, keeping the skb->cb    net pointer valid until the deferred work runs.    From Zhengchuan Liang.  * tag 'ipsec-2026-05-29' of git://git.kernel.org/pub/scm/linux/kernel/git/klassert/ipsec:   Revert ""esp: fix page frag reference leak on skb_to_sgvec failure""   xfrm: input: hold netns during deferred transport reinjection   xfrm: move policy_bydst RCU sync from per-netns .exit to .pre_exit   xfrm: iptfs: reset runtime state when cloning SAs   xfrm: esp: restore combined single-frag length gate   esp: fix page frag reference leak on skb_to_sgvec failure   xfrm: ah: use skb_to_full_sk in async output callbacks   xfrm: Check for underflow in xfrm_state_mtu   xfrm: ipcomp: Free destination pages on acomp errors   xfrm: route MIGRATE notifications to caller's netns ====================  Link: https://patch.msgid.link/20260529092648.3878973-1-steffen.klassert@secunet.com Signed-off-by: Jakub Kicinski <kuba@kernel.org>",2026-05-29T19:57:22Z
torvalds,pesconvert,d6d7001bc0c608514e46b2a1a2ed341269d2f226,MaxKellermann,"cairo, svg: ignore empty blocks  Fixes crash bug found with the afl fuzzer.  Signed-off-by: Max Kellermann <max.kellermann@gmail.com>",2017-12-04T09:49:04Z
torvalds,pesconvert,e8950f1cf59a7e4e2a6474096a9e15e1b7f764dc,MaxKellermann,"cairo,svg: convert ""while"" to ""for"" (code simplification)  Signed-off-by: Max Kellermann <max.kellermann@gmail.com>",2017-12-04T09:47:10Z
torvalds,pesconvert,d714693afa9fe87fa1f0f6a8994aaf0d30f8413c,MaxKellermann,"pes: check the color index, fail if out of range  Fixes crash when there are more than 256 blocks.  Signed-off-by: Max Kellermann <max.kellermann@gmail.com>",2017-12-04T09:34:05Z
torvalds,pesconvert,2465e523fea3598b17e0c96ab63885f6e8aab3a6,MaxKellermann,pes: new_block() fails if undefined color is referenced  Fixes crash when the file's color table is too short.  Signed-off-by: Max Kellermann <max.kellermann@gmail.com>,2017-12-04T07:33:47Z
torvalds,pesconvert,bcc7211c793413adcd551c1e5369aeb0b43be54e,MaxKellermann,pes: add missing new_block() error check  Signed-off-by: Max Kellermann <max.kellermann@gmail.com>,2017-12-03T22:18:11Z
torvalds,pesconvert,4f36a5c918231254209374788c873dfcbe4002d1,torvalds,"Mark the ""big y displacement"" case as a jumpstitch too  Another case pointed out by Trever and missed in his first patch.  Signed-off-by: Linus Torvalds <torvalds@linux-foundation.org>",2012-01-19T20:40:37Z
torvalds,pesconvert,c3ab5a56681873e35ef17b5eade00c29330c0201,treveradams,"Fix jumpstitch output  I noticed that your thumbnailer shows jump stitches yielding some ugly thread lines in some cases.  I have attached a patch which solves this problem. Feel free to use it, modify it, whatever.  Signed-off-by: Linus Torvalds <torvalds@linux-foundation.org>",2012-01-19T07:14:20Z
torvalds,pesconvert,b7621097afe1cbb4fb07fd61482e8d38716cbfa6,torvalds,"Simplify and fix block allocation  This was just totally broken.  Since we used to re-alloc the pes blocks, we cannot maintain a list of them: the pointers change.  So stop realloc'ing the blocks, and instead just realloc the stitch list.  And simplify the list handling while at it.  Signed-off-by: Linus Torvalds <torvalds@linux-foundation.org>",2011-12-02T21:01:19Z
torvalds,pesconvert,89ff2f5c5abb3cd6d54d59cd3f4aa81dd644ff9e,Unknown,"Add thumbnailer entry for gnome3  gnome3 changed the rules for how thumbnailer applications work.  For the better, but without any real documentation.  Signed-off-by: Linus Torvalds <torvalds@linux-foundation.org>",2011-12-02T18:09:14Z
torvalds,pesconvert,34823ef264b8049f83aeef1fe86d005eeba29345,TorstenScheck,"pesconvert: Fixed row init range in output_png().  This prevents a segfault for small embroidery patterns or large output dimensions.  Even though output_png() is dead code, there is a slight chance, that someone lacks libcairo-dev while being offline. ;-)  Signed-off-by: Linus Torvalds <torvalds@linux-foundation.org>",2010-03-22T09:28:49Z
torvalds,pesconvert,180dd57af67d8176819ea8ff322c315d8425c9cf,torvalds,"Add a 'density' argument for thread thickness  I like the default thin thread effect, but using a density of 2.5 or so seems to be a bit more realistic on my test-case.  Which may be more about the test-case than anything else, but whatever.  So with this, you can do something like  	pesconvert -d 2.5 -s 512 Jan_heartsdelight.pes s512.png  to generate a 512-pixel sized version of the Brother example file.  Making the ""thread"" thicker also meant that the line join matters a lot more.  A miter join (the cairo default) is not how thread works and makes it all look very jagged.  So make it use a round join instead.  The line cap could probably be a butt cap, but I set it to round too.  I doubt anybody will see any difference, since thread ends aren't common.  Signed-off-by: Linus Torvalds <torvalds@linux-foundation.org>",2010-01-14T02:01:44Z
torvalds,pesconvert,6e7a7fca8268b4c65e22122f8987da2f0e747754,torvalds,"Fix some trivial scaling problems  I used to scale everything to be square.  That was fine for testing, but not so great for actual use.  This makes it all look better when the input isn't square.  It also scales the width of the line properly.  And in honor of this actually being useful (it's installed on Tove's machine now), let's sign off on it all.  Signed-off-by: Linus Torvalds <torvalds@linux-foundation.org>",2010-01-13T21:27:34Z
torvalds,pesconvert,66ff8cb8a56396ab8b5958b3411a36228010e1fb,torvalds,"Copy pesconvert to the system thumbnailer  Yeah, yeah, people who know how to do rpm's and autoconf think this is ugly.  Whatever.",2010-01-13T21:18:03Z
torvalds,pesconvert,e7ffff71f7e23d5bb6cf2cf4ed5be5ed87eccbc8,torvalds,Teach pesconvert a few command line options,2010-01-13T20:49:30Z
torvalds,pesconvert,4c3c754d9ea5b3c66e58a884cc17c75fbafee38b,torvalds,"Add thumbnailer gnome gconftool-2 setting  .. not that the program actually conforms to the syntax I used, but whatever. Maybe I'll get to it next.",2010-01-13T20:39:12Z
torvalds,pesconvert,1ac1fc733d4f5416743ecc1c8e667eb86e722f2a,torvalds,"Add silly rule to teach the system about PES files  XML? F*ck me with a ten-foot pole.  But if I want the thumbnailer, I apparently need this.",2010-01-13T20:31:19Z
torvalds,pesconvert,9a25d4891925352b4920af1c40c46e15444f091d,torvalds,"Split out main() into its own file  This leaves the actual pes-reading code in pes.c, and puts the conversion logic in main.c.  I should add some argument parsing code so that it can specify exactly what/how to convert things.",2010-01-13T20:22:20Z
torvalds,pesconvert,7a54bf8213a7e6ee91fe53cec3eb9f06fc71f221,torvalds,"Add a 'cairo' backend for output  This is way better and simpler than the png one, since cairo can also write png's, but makes the line drawing and thin lines all very easy.  This is still totally hardcoded, but it's starting to be useful! It outputs the result as ""out.png""",2010-01-13T20:13:29Z
torvalds,pesconvert,5107cd54456f8e0fb31823434d30a60323a9224c,torvalds,"Add stupid PNG support  It's stupid because:  - it's fixed to output 128x128 png images (think preview icons)  - it doesn't actually draw lines, it just does them as dots at the endpoints but it does kind of work.",2010-01-13T19:46:50Z
torvalds,pesconvert,7a7221a3b06882d314d4256d31cdf4a68c2f6b5d,torvalds,"Initial PES conversion  Right now it just knows how to convert to SVG. Which isn't all that interesting, but the parsing logic comes from  	https://bugs.launchpad.net/inkscape/+bug/247463  which has a php script to do this, and it's all based on that.",2010-01-13T19:25:53Z
torvalds,subsurface-for-dirk,724527bc3b660a9d54aab8e4dff50430450f1643,torvalds,"Fix the dc sensor index fixup  fixup_dc_sample_sensors() would make sure that any pressure sensor indexes were in range of the cylinders by just clearing the pressure data if the sensor index was larger than the number of cylinders in the dive.  That certainly makes the sensor index data consistent, but at the cost of just dropping the sensor data entirely.  Dirk had some cases of odd sensor data (probably because of an older version of subsurface, but possibly due to removing cylinders manually or because of oddities with the downloader for the Atomic Aquatics Cobalt dive computer he used), and when re-saving the dive, the pressure data would magically just get removed due to this.  So rewrite the sensor data fixup to strive very hard to avoid throwing pressure sensor data away.  We do this by:   (a) generating a mask of sensor numbers seen   (b) checking if that mask is a subset of the cylinders we have, in      which case everything is fine.   (c) if it's not a subset, ""compress"" the sensor indexes to the minimal      range (ie if you had sensor indexes 3 and 6, rename 3 to 0, and 6      to 1).   (d) if it now fits in the cylinder mask we have, everything is fine   (e) if we still have more sensors than we have cylinders, leave the      data alone, but complain about it with SSRF_INFO() so that the user      is notified.  That final (e) case might be for dive computers that allow reporting pressure data for your buddy's cylinder too.  So it's odd, but not entirely crazy, and we now will keep the data.  You may have to add a fake cylinder to your dive to make it all make sense and avoid the informational warning.  This whole ""we clear the pressure data"" was at least partly hidden by two things:   (1) in the git save format, we don't rewrite dives unless you've      changed the dive some way, so old dives stay around with old data      in the save until explicitly changed.   (2) if you had multiple dive computers, and one dive computer does not      have any pressure data but another one does, our profile will use      that ""other"" dive computer pressure data (because often times you      might have only one dive computer that is air integrated, but you      still want to see the tank pressure when you look at other dive      computers - or you have one dive computer give pressure data for      your deco bottle, and another for your travel gas etc).  So those two facts hid the reality that we had actually cleared the tank sensor data for Dirk's dive with the Atomic Aquatics dive computer, because we'd still see pressure data in the profile, and the git data would still be the old one.  Until Dirk renumbered his dives, and the data was rewritten.  Signed-off-by: Linus Torvalds <torvalds@linux-foundation.org>",2022-09-12T20:38:22Z
torvalds,subsurface-for-dirk,3446dd512597d538c1c1f337a85225700c965a25,torvalds,fix up sample sensor indexes before fixing up cylinder pressures  The cylinder pressure fixup depends on the sample sensors indexes having been fixed.  Signed-off-by: Linus Torvalds <torvalds@linux-foundation.org>,2022-09-12T20:07:57Z
torvalds,subsurface-for-dirk,77a5ca42340db6a19bc65c87bb640bd8aac531c4,atdotde,"For warnings, show icon in infobox  Render a warning sign in front of the event string in the infobox. This is done in rich text.  Note: This shows the warning sign for all events, not just warnings.  Signed-off-by: Robert C. Helling <helling@atdotde.de>",2022-09-11T17:54:28Z
torvalds,subsurface-for-dirk,d306ba9b38a358cc46053138a1bb7aa29c79392a,captainjunk,"Update INSTALL  Add instructions for building on Raspberry Pi OS (64-bit) Released April 4, 2022.  Signed-off-by: Captain Junk <captainjunk@gmail.com>",2022-09-03T22:38:47Z
torvalds,subsurface-for-dirk,50d83ab188db2b26bf2059956cbedf97f447c43f,bstoeger,profile: show closed-hand cursor while panning  To give visual feedback.  Signed-off-by: Berthold Stoeger <bstoeger@mail.tuwien.ac.at>,2022-08-29T06:03:18Z
torvalds,subsurface-for-dirk,edf2a2f4f43778d7573fb017ea2ca138fe86a0c3,bstoeger,"profile: implement panning of profile  When zoomed in, the profile position was moved by hovering with the mouse. What a horrible user experience. This is especially useless if we want to implement an interactive profile on mobile.  Instead, let the user start the panning with a mouse click. The code is somewhat nasty, because the position is given as a real in the [0,1] range, which represents all possible positions from completely to the left to completely to the right.  This commit also removes the restriction that the planner handles can only be moved when fully zoomed out. It is not completely clear what the implications are. Let's see.  Signed-off-by: Berthold Stoeger <bstoeger@mail.tuwien.ac.at>",2022-08-28T20:42:54Z
torvalds,subsurface-for-dirk,0d92ef28355898c81bdcc0187736580e4f094b91,bstoeger,"cleanup: remove unused variable  A QVariant was initialized but never used.  While doing so, remove construct/assign pairs of a number of QStrings. Directly construct the QStrings with the desired values.  Signed-off-by: Berthold Stoeger <bstoeger@mail.tuwien.ac.at>",2022-09-03T11:54:52Z
torvalds,subsurface-for-dirk,4a7ee872f3c7bc6703773023832e333af4d8672a,bstoeger,"cleanup: move minute formating to format-string.cpp  The get_minutes() function formats a time as m:ss and returns a static C-string. Since all callers are C++ anyway and transform directly into QString, let us move this to the other string formatting function.  Signed-off-by: Berthold Stoeger <bstoeger@mail.tuwien.ac.at>",2022-09-03T08:37:58Z
torvalds,subsurface-for-dirk,104793719779f8aaf26e2991b8671c3b6b557235,michaelandreen,user-manual: Update documentation on fixing sensor data  Signed-off-by: Michael Andreen <michael@andreen.dev>,2022-09-03T08:46:03Z
torvalds,subsurface-for-dirk,a39e69c497b695d0c45f63af31a1f899376b62cc,michaelandreen,"Use combo box for moving sensor data  Also allow editing sensor on a cylinder with already attached sensor. This will swap the sensor data with the cylinder that it is taking the sensor data from, removing the need for adding an extra temporary cylinder when swapping two sensors.  Signed-off-by: Michael Andreen <michael@andreen.dev>",2022-09-02T20:51:19Z
torvalds,subsurface-for-dirk,70e43d13a01d1639bcb0394ff8a53f207b4801f2,dirkhh,cleanup: show the correct build badges  This way the github.com/subsurface/subsurface no longer shows incorrect build failures.  Signed-off-by: Dirk Hohndel <dirk@hohndel.org>,2022-08-31T21:32:35Z
torvalds,subsurface-for-dirk,34e169aace73fa2e3851869855818cd8e9e97216,torvalds,"clean up logging, and add error reports to it too  The SSRF_INFO() macro is widely used, and there's a lot of confusion about whether the newline at the end should be done by the SSRF_INFO or be in the format string passed to it.  End result: we end up doing both, and there are empty lines in the output as a result.  Clean this up by just using our existing 'strip_mb()' to strip any whitespace at the end of the generated string, and then adding one final newline when logging it.  Also, make sure to log our 'report_error()' messages, which apparently only used to be showin in the red error bar on the display.  Signed-off-by: Linus Torvalds <torvalds@linux-foundation.org> Signed-off-by: Dirk Hohndel <dirk@hohndel.org>",2022-08-30T16:48:46Z
torvalds,subsurface-for-dirk,42da08df20161bc533a9175fa974ed20ac3939df,dirkhh,"mobile: enable sharing via email  Instead of using the save file dialog (which creates a horrendous user experience - and isn't even supported on Android), simply allow the user to email the file in question to a recipient of their choice, e.g., themselves.  Signed-off-by: Dirk Hohndel <dirk@hohndel.org>",2022-08-30T18:54:25Z
torvalds,subsurface-for-dirk,f144fa0a1b021713cc34c4840986129f4cb63fda,dirkhh,mobile: allow sharing files via email  This will allow the user of the mobile app to export dive and dive site data from their mobile device without using the Subsurface cloud.  Signed-off-by: Dirk Hohndel <dirk@hohndel.org>,2022-08-30T18:53:02Z
torvalds,subsurface-for-dirk,ead15f622a3891794e68bb48974f593d0e767ac5,dirkhh,"mobile: remove export as UDDF  The export functionality is horridly poorly implemented, and the UDDF export isn't actually functional on mobile. And why would we support this in the first place? That's not a reasonable expectation for the mobile app.  So let's just completely remove that and good riddance.  Signed-off-by: Dirk Hohndel <dirk@hohndel.org>",2022-08-30T19:38:40Z
torvalds,subsurface-for-dirk,173093d3148445f42ec8ff8f91e648f53b232d46,dirkhh,Android: correctly check for empty path  The comparison against the empty string caused things to error out when only one file was given.  Signed-off-by: Dirk Hohndel <dirk@hohndel.org>,2022-08-30T20:46:01Z
torvalds,subsurface-for-dirk,6d77d814a877e72e4b9542387d339a8b61feedb4,bstoeger,parser: allow import of dive sites without UUID  Fixes #3493.  Signed-off-by: Berthold Stoeger <bstoeger@mail.tuwien.ac.at>,2022-08-29T05:25:21Z
torvalds,subsurface-for-dirk,aa4b48f440e2b5cafaadc821633b128e7e96688e,bstoeger,core: move floating point functions to own header file  This were in subsurface-string.h for unknown reasons.  Signed-off-by: Berthold Stoeger <bstoeger@mail.tuwien.ac.at>,2022-08-30T16:13:13Z
torvalds,subsurface-for-dirk,61701509b01e805bc262176b53982d8302a85c80,bstoeger,"core: replace IS_FP_SAME macro by inline function  No reason to keep this as a macro - a function is easier to read, type safe and easier to debug. Moreover, give it the more appropriate name ""nearly_equal()"". After all, it precisely does NOT check floating points for equality.  Signed-off-by: Berthold Stoeger <bstoeger@mail.tuwien.ac.at>",2022-08-30T15:55:43Z
torvalds,subsurface-for-dirk,5db4a95a269da3ab85077132ce6bcc17432495b8,bstoeger,"core: don't use relative precision when comparing to 0  The FP_IS_SAME macro uses a relative precision to compare floating points. This fails when comparing to 0. Therefore, use an absolute precision in this case. Implement as an inline function.  Signed-off-by: Berthold Stoeger <bstoeger@mail.tuwien.ac.at>",2022-08-30T15:47:31Z
torvalds,subsurface-for-dirk,2ae7f3cf6c9ed1558267b9d137e6467ff5714882,dirkhh,"Android: make support email API consistent with iOS  We have two different API endpoints. supportEmail() which adds the default subject, recipient, and message body, and the generic shareViaEmail() which takes all of these as arguments.  Signed-off-by: Dirk Hohndel <dirk@hohndel.org>",2022-08-30T17:06:37Z
torvalds,subsurface-for-dirk,87387b7e7ed0bcf177376b3f5b02072f4e0ed096,dirkhh,"mobile: send logfiles as attachments on iOS as well  This was added for Android a while ago, but now this works on iOS as well which is a very welcome addition for the recipient of these support emails (i.e. me).  Signed-off-by: Dirk Hohndel <dirk@hohndel.org>",2022-08-29T23:46:58Z
torvalds,subsurface-for-dirk,8164ca56ec6ae25fac6a8adaa0001891f2e4eded,dirkhh,"iOS: add infrastructure to natively send email  This will allow us to send attachments, just like we do on Android.  Signed-off-by: Dirk Hohndel <dirk@hohndel.org>",2022-08-29T23:40:04Z
torvalds,subsurface-for-dirk,0af410d6ced2eb19f35af1d82f08b284cf96a4ca,dirkhh,"iOS: update minimum iOS version to 12.0  None of the tools we use work with older versions, anyway.  Signed-off-by: Dirk Hohndel <dirk@hohndel.org>",2022-08-29T23:09:46Z
torvalds,subsurface-for-dirk,7801b0c28a51e8e960f854c1e24d909589a0b0f1,dirkhh,"build-system: small changes to the iOS build script  This makes it marginally easier to deal with debug builds and release builds in parallel. The quick builds work most of the time, but not always.  Signed-off-by: Dirk Hohndel <dirk@hohndel.org>",2022-08-29T22:39:54Z
torvalds,subsurface-for-dirk,0a4689c2e68df58b3dfc54aeca513af696bc3b26,dirkhh,"Ratio BLE detection fix  For Ratio dive computers we can't tell by the Bluetooth name which model it is. There are BT only models and BLE only models. The failure case here was a user on iOS (BLE only) with a BLE only dive computer which we didn't recognize because previously we returned a BT only device (which isn't supported on an iPhone), and the lookup won't return a valid descriptor if the transport needed isn't available.  These days BLE is far more common, so return a BLE enabled name by default, but try a BT only name just in case.  Signed-off-by: Dirk Hohndel <dirk@hohndel.org>",2022-08-29T16:51:56Z
torvalds,subsurface-for-dirk,8c644547fb7b7ae86aceba58721d8fc69dddfad0,dirkhh,"mobile: fix reading of cache dir  For some reason the flag to exclude . and .. breaks this functionality. It works just fine without that flag, so let's just remove it.  Signed-off-by: Dirk Hohndel <dirk@hohndel.org>",2022-08-27T22:18:37Z
torvalds,subsurface-for-dirk,d257a623fa53161369b5b865002a2df6967d6c5a,dirkhh,mobile: update version to 3.4.7  Signed-off-by: Dirk Hohndel <dirk@hohndel.org>,2022-08-27T22:27:29Z
torvalds,subsurface-for-dirk,7d87815c6907471583553f10ac51e6147b3c014f,bstoeger,cleanup: remove BOOST_FOREACH from list of foreach-macros  Not a single use of that and if there was - it should be removed.  Signed-off-by: Berthold Stoeger <bstoeger@mail.tuwien.ac.at>,2022-08-28T16:02:14Z
torvalds,subsurface-for-dirk,f3221c69653b5c97093fa04d38954ce8230f88f7,bstoeger,cleanup: remove unused function set_dive_nr_for_current_dive()  Last caller was removed in a6fa6cdb41.  Signed-off-by: Berthold Stoeger <bstoeger@mail.tuwien.ac.at>,2022-08-28T15:44:49Z
torvalds,test-tlb,14321e3356829d4c6e7724b7b7fd406a4af31667,Unknown,README: minor typos fix  Verified with GNU Aspell spell checker.  Signed-off-by: Christopher Diaz Riveros <chrisadr@gentoo.org> Signed-off-by: Linus Torvalds <torvalds@linux-foundation.org>,2018-02-10T13:15:24Z
torvalds,test-tlb,16e929a524b116167491d8cab822197646ff3af5,torvalds,"Improve on the timing logic a bit more  Time the warmup run to make a better estimate of how long to run the real runs.  We want to balance getting timely results with still actually having the time to actually traverse the full list a few times.  This basically aims for the real run to traverse the list at least five times, but to also run for at least a fifth of a second.  Because five is obviously a holy random number, and is also how many times we run the test to try to de-noise the final number.  This also changes ""make run"" to actuall test the 256M case like the README says (rather than stop at 128M).  Signed-off-by: Linus Torvalds <torvalds@linux-foundation.org>",2017-03-27T19:00:27Z
torvalds,test-tlb,4210d1cfc58f2d8a3da0730389ee63d68c6fe914,torvalds,"Improve on map re-allocation strategy  Don't bother reallocating hugepage mappings, the cache associativity issues are hopefully not all that noticeable with big pages to begin with, and with fewer big pages to go around it's likely less effective to try to change the mapping anyway.  For the regular page case, force any remapping to over-map the old mapping, which will free the old pages.  That might cause the new mapping to have similar allocation patterns as the old one, but not using excessive amounts of memory still makes this the better option.  Signed-off-by: Linus Torvalds <torvalds@linux-foundation.org>",2017-03-27T18:38:02Z
torvalds,test-tlb,4ac62b9733ffd669df882894efaf2afc2b8fa5ef,torvalds,"Try to increase result stability by running multiple rounds  This runs things five times, randomizing the list in between each run, and then picks the minimum cycle time of the five.  That makes the results more stable.  There's a few downsides to this:   (a) to avoid taking five times as long, each run only runs for half a      second. Which might not actually be enough to go around for big      memory areas.   (b) is minimum cycle time actually good? It's _usually_ the right thing      to do for latency benchmarks, but it might also end up showing the      ""good case"", ie when the mapping happened to cause the fewest      associativity misses etc.   (c) the code is currently intentionally stupid and doesn't even free      the old mappings, which is good to make sure that we don't get the      same virtual memory pattern, but might cause problems when you want      to test under low-memory conditions (just to pick one example).  I'll have to think about this some more, but let's try it.  Signed-off-by: Linus Torvalds <torvalds@linux-foundation.org>",2017-03-27T00:51:13Z
torvalds,test-tlb,d352c0df205df0c6b4ee34de20ca4fe414000cb3,torvalds,Add README and LICENSE.txt file  ... and a .gitignore file.  All prepping for putting it on github or something  Signed-off-by: Linus Torvalds <torvalds@linux-foundation.org>,2017-03-24T20:04:03Z
torvalds,test-tlb,784130fab5b9dc23c405f15d48e09d2a1850c0ab,torvalds,"Allow odd stride values  They are actually quite useful for testing unaligned behavior: does it slow down every access, or does it slow down only some accesses?  For example, on my i7-6700K, I get  	[torvalds@i7 test-tlb]$ ./test-tlb 16k 12 	  1.29ns (~5.0 cycles)  	[torvalds@i7 test-tlb]$ ./test-tlb 16k 11 	  1.36ns (~5.3 cycles)  which means that the unaligned load case is actually very low in pointer chasing situations.  With a stride of 11, 75% of all the memory accesses will be unaligned, but it only costs an additional 0.3 cycles on average.  The reason is that unaligned loads are basically free, except when they cross some other boundary (*).  To test what the cost of that is, I'd need to add a ""offset"" parameter and allow people to force every access to be a bank crosser.  Some day.  (*) There may be other costs, like just resource use costs.  But the kinds of boundaries that tend to matter are L1 D$ boundaries (that need to access two lines), but also obviously page-crossers (that need two TLB entries), and also sub-banks in the L1 (depending on width of the L1 interface).  Signed-off-by: Linus Torvalds <torvalds@linux-foundation.org>",2017-03-24T19:32:52Z
torvalds,test-tlb,cedcf70019525126b5c7a866d494b1ac9ff6f9d7,torvalds,"Work even in the presense of transparent hugepage  ""always"".  Christian Borntraeger tested on an s390, and had transparent hugepages set to ""always"", which meant that the small-page case never triggered at all.  So when not testing the hugepage case, explicitly do a  	madvise(MADV_NOHUGEPAGE)  on the memory allocation.  Reported-by: Christian Borntraeger <christian@borntraeger.net> Signed-off-by: Linus Torvalds <torvalds@linux-foundation.org>",2017-03-23T18:27:05Z
torvalds,test-tlb,3a301fed084a9bcafaba5167d942b5ae087baef9,torvalds,"Use gettimeofday for start/end  In case your ""alarm(1)"" isn't entirely precise.",2017-03-22T17:32:19Z
torvalds,test-tlb,fba590607d628957cc95fab18b51a45b6556b7c5,torvalds,"Improve the tester some more, remove the old TLB-only code",2017-03-21T23:58:39Z
torvalds,test-tlb,cea022182fd990b119d04b486c1ff212378797f1,torvalds,Try to create test of truly random list walker  .. with hugetlb and without.  It may be broken.,2017-03-21T22:16:31Z
torvalds,test-tlb,bf9779cf2664c0ca8810a6e23c8f810add7be297,torvalds,Very hacky TLB timing tester,2017-03-17T20:17:03Z
torvalds,uemacs,1c1b25ef723c952ca557cb5ff6d8db159ef1d4bc,torvalds,"increase size of lock table  When editing lots of files, the lock table size can become a limit.  Increase it to be HUGE.  Nobody should *ever* use this silly editor in this day and age any more. I just can't seem to unlearn my finger memory, and it's easier for me to do these stupid small fixes than it is to figure out how to do key remapping in some saner editor.  Signed-off-by: Linus Torvalds <torvalds@linux-foundation.org>",2021-03-30T16:53:34Z
torvalds,uemacs,1cdcf9df88144049750116e36fe20c8c39fa2517,torvalds,"Allow bigger filenames  Not that I know why. 80-character filename limits are kind of cute.  Joerg suggested _POSIX_PATH_MAX, which is almost certainly the right value.  But that's bigger than HUGE:     #define HUGE    1000           /* Huge number                  */  which obviously means we shouldn't go quite *that* extreme.  Remember, we come from the days when it was hard to do allocations larger than 64kB.   We have limits, dammit.  ""256 bytes is enough for anybody""  Reported-by: Joerg Scheurich <mufti11@web.de> Signed-off-by: Linus Torvalds <torvalds@linux-coundation.org>",2018-07-19T18:00:13Z
torvalds,uemacs,5a28f14096c3f2e548cdf6bcfd008930e6a4e733,torvalds,"Use _GNU_SOURCE instead of _BSD_SOURCE and _SYSV_SOURCE  uemacs uses a lot of legacy stuff, which causes warnings with newer toolchains.  This makes it build reasonably warning-free.  Signed-off-by: Linus Torvalds <torvalds@linux-foundation.org>",2018-07-19T17:55:19Z
torvalds,uemacs,9be85a9b60677acc8f8c6da048a0c08e67e172f8,torvalds,"Do some valgrind cleanup  Joerg Scheurich reported that there's a buffer overflow in readin() for long path component names. He's not wrong.  When fixing that, and then checking there's nothing else obviously wrong with valgrind, I also noticed it complains about overlapping strcpy().  So add a hacky version of strscpy(), which (a) handles overlapping, and (b) has the proper strscpy() semantics.  Just say no to strncpy and strlcpy, both of which are terminally broken interfaces.  And stop stripping the binary.  The time when the size of the uemacs binary was a big deal is long past, and it made valgrind harder.  Reported-by: Joerg Scheurich <mufti11@web.de> Signed-off-by: Linus Torvalds <torvalds@linux-foundation.org>",2018-07-19T17:44:44Z
torvalds,uemacs,31a16c0ccab9a4b69c79920244b9c623bee7bffe,torvalds,"Merge branch 'experimental'  I'm not entirely happy with the new paragraph heuristics, but I've been using them for a while and have grown used to them and have grown to rely on the behavior.  Since there probably aren't all that many other people who use uemacs, let's just merge that behavior and see if anybody else even notices.  The ""NBSP to SP on keyboard input"" is similarly convenient to me, and might be offensive to others.  Let's see.  * experimental:   Turn NBSP into regular SP on input   Try updated rule for ""is new paragraph""   Make some minor code legibility changes",2018-01-17T22:28:13Z
torvalds,uemacs,59df78a7806764586e084eafd0842f43a741037a,torvalds,"Turn NBSP into regular SP on input  Particularly pasting from a web browser, I get a lot of 'space' + 'non-breaking space' noise, and keeping the &nbsp as an actual unicode character ends up being a major pain.  Note: this is only done on input.  If the file contains the unicode character U+00A0, we'll keep it that way.  But you can't enter it from the keyboard (or cut-and-paste, which ends up looking like keyboard input).  Signed-off-by: Linus Torvalds <torvalds@linux-foundation.org>",2017-03-18T01:23:04Z
torvalds,uemacs,34faa14e34c3eb2dfe3fd2cad02826f12f00ec5b,torvalds,"Try updated rule for ""is new paragraph""  This makes non-alphabetic characters at the beginning be a mark of a paragraph.  That's probably bogus, but let's try how it works.  Signed-off-by: Linus Torvalds <torvalds@linux-foundation.org>",2016-10-02T23:07:57Z
torvalds,uemacs,d861ad1bd06f20f505c99314c8d9004d13cb6625,torvalds,"Make some minor code legibility changes  I'm going to play around with the whole ""paragraph ends here"" logic, but the way it used to be written made that hard.  Signed-off-by: Linus Torvalds <torvalds@linux-foundation.org>",2016-10-02T19:41:51Z
torvalds,uemacs,8841922689769960fa074fbb053cb8507f2f3ed9,torvalds,"Don't use 'char' for number of lines  Heh.  My new UHD monitor makes it easy to have more than 127 lines of text.  I guess the 'char' could be an unsigned char, but quite frankly, trying to save a couple of bytes per open editor window seems a bit excessive these days.  So just make it 'int'.  Signed-off-by: Linus Torvalds <torvalds@linux-foundation.org>",2014-12-08T22:53:04Z
torvalds,uemacs,fa00fe882f719351fdf7a4c4100baf4f3eab4d61,torvalds,"Stop using 'short' for line and allocation sizes  Yes, yes, it probably made sense 30 years ago as a way to save a tiny amount of memory, but especially when interspersed in structures that have pointers (aligned to 64 bits these days), it's not even saving memory today.  And it makes us fail in nasty ways when looking at files with long lines.  So just make them 'int'.  And if you have a line that is longer than 2GB, you only have yourself to blame.  I no longer care.  In case anybody care, the ""test-case"" for this was a lovely UDDF file with a binary divecomputer dump encoded as an XML element.  Resulting in a lovely 41kB single line.  Not what poor micro-emacs was designed for, I'm afraid.  I really should just learn another editor, rather than continue to polish this turd.  Signed-off-by: Linus Torvalds <torvalds@linux-foundation.org>",2013-02-22T22:32:16Z
torvalds,uemacs,25f0141df133f3522c6d23ddd96ae341813b9638,torvalds,"Avoid memory access errors if llength() overflows  llength() is currently a 'short' which can overflow and result in signed numbers if line lengths are larger than 32k.  We'll fix the overflow separately, but before we do that, just use a signed int to hold the value so that we don't overrun memory allocations when we converted that negative number to a large positive unsigned integer.  Signed-off-by: Linus Torvalds <torvalds@linux-foundation.org>",2013-02-22T22:29:43Z
torvalds,uemacs,8899ed4e1f076d6f3c400731992210513bb629d3,torvalds,"Fix the unicode character limit (0 .. 0x10ffff)  For some reason I had limited things to 0xffff, it really should be 0x10ffff.  We don't actually support a full 32-bit unicode model anyway, since we use the high bits for the control/meta/^X/special bits, but there was no reason to limit things to 16 bits when we had 28 bits available.  And the real limit for real Unicode characters is 0x10ffff.  Add a silly example character past the 16-bit range to the UTF8 demo file:   'SMILING FACE WITH HALO' (U+1F607) from the 'emoticons' block.  Signed-off-by: Linus Torvalds <torvalds@linux-foundation.org>",2012-09-25T02:44:21Z
torvalds,uemacs,dbf1a014a7b038f59fbb1bea6f93b105f25ad3a0,penberg,uemacs: Remove unused 'lflag' variables from file.c  GCC spotted the following unused variable:      CC       file.o   file.c: In function ‘readin’:   file.c:225:6: warning: variable ‘lflag’ set but not used [-Wunused-but-set-variable]   file.c: In function ‘ifile’:   file.c:553:6: warning: variable ‘lflag’ set but not used [-Wunused-but-set-variable]  Signed-off-by: Pekka Enberg <penberg@kernel.org> Signed-off-by: Linus Torvalds <torvalds@linux-foundation.org>,2012-08-15T06:27:21Z
torvalds,uemacs,ddd45dbff17f4fc30c66404331f6b8f0c05cdd82,torvalds,"Fix 'getccol()' and 'getgoal()' functions for multibyte UTF-8 characters  These functions convert the byte offset into the column number (getccol()) and vice versa (getgoal()).  Getting this right means that moving up and down the text gets us the right columns, rather than moving randomly left and right when you move up and down.  We also won't end up in the middle of a utf-8 character, because we're not just moving into some random byte offset, we're moving into a proper column.  Signed-off-by: Linus Torvalds <torvalds@linux-foundation.org>",2012-07-15T21:36:38Z
torvalds,uemacs,1edeced67c1cacefe83444e5fd403dab73529ebf,torvalds,"Fix vtputc() and simplify show_line by using it again  This re-introduces vtputc() as the way to show characters, which reinstates the control character handing, and simplifies show_line() in the process.  vtputc now takes an ""int"" that is either a unicode character or a signed char (so negative values in the range [-1, -128] are considered to be the same as [128, 255]).  This allows us to use it regardless of what the source of data is.  Signed-off-by: Linus Torvalds <torvalds@linux-foundation.org>",2012-07-11T18:23:32Z
torvalds,uemacs,0a8b429059b47bca13307967ff0dabf0b79fb1d5,torvalds,"Start doing character removal properly  This makes actual basic editing work.  Including things like justify-paragraph etc, so lines get justified by number of UTF8 characters rather than bytes.  There are probably tons of broken stuff left, but this actually seems to get the basics working right.  Signed-off-by: Linus Torvalds <torvalds@linux-foundation.org>",2012-07-11T17:43:16Z
torvalds,uemacs,0e9fc2be15b0926dfee08846c906cd3b2668878a,torvalds,"Start actually inserting full utf8 sequences  This makes it possible to cut-and-paste the UTF8 testfile into a new buffer, and the end result looks correct.  NOTE! We still do various things wrong while editing.  For example, while the cursor movements were fixed, simple things like deleting a character still work on single bytes, rather than utf8 characters.  So while this is getting much closer to actually editing UTF-8 data, it's not there yet.  Signed-off-by: Linus Torvalds <torvalds@linux-foundation.org>",2012-07-11T09:21:36Z
torvalds,uemacs,4bccfab6324c8c8bc8106e65c4aec076f5d121be,torvalds,"Make 'show_line()' do proper TAB handling  The TAB handling got broken by commit cee00b0efb86 (""Show UTF-8 input as UTF-8 output"") when it stopped doing things one byte at a time.  I'm sure the other special character cases are broken too.  Signed-off-by: Linus Torvalds <torvalds@linux-foundation.org>",2012-07-11T08:22:32Z
torvalds,uemacs,42d9cb33a555d113897b5decb29c099b4d47a164,torvalds,"Expand keycode to 'int' from 'short'  This uses the four high bits for the meta and control key sequences. This means that we will be limiting our Unicode space to 28 bits, but that's more than we really need.  It *would* be nicer if we just used the sign bit to mark ""we have meta character information"") but that would require bigger changes.  And we really don't need to worry about 30-bit unicode.  Small steps, remember.  Signed-off-by: Linus Torvalds <torvalds@linux-foundation.org>",2012-07-11T01:14:02Z
torvalds,uemacs,6e4a45c0050ed8eacdd2426b971e263cbdcca0ae,torvalds,"character input: make sure we have enough bytes for a full utf8 character  .. but we do have that 0.1s delay, so if somebody feeds us non-utf8 sequences, we won't delay forever.  Signed-off-by: Linus Torvalds <torvalds@linux-foundation.org>",2012-07-11T01:11:30Z
torvalds,uemacs,3abd3dba424450401ca0bb34c043d0331f1c1abe,torvalds,"utf8: make sure to honor the array length properly  Right now the input side can give partial utf8 input, and that showed that we didn't properly handle that case.  Signed-off-by: Linus Torvalds <torvalds@linux-foundation.org>",2012-07-11T00:56:53Z
torvalds,uemacs,3c7bd9a7d294ed9f34e952fab792644c5caf6c18,torvalds,Make kbd macro save area use 'int' instead of short  I'm starting to expand the input value from 'short' (with flags in the upper eight bytes) to 'int' (with negative values having flags).  Small baby steps.  Signed-off-by: Linus Torvalds <torvalds@linux-foundation.org>,2012-07-11T00:42:19Z
torvalds,uemacs,ec6f4f36ec679a9434c71915f22c45b165cd227a,torvalds,"Use utf8 helper functions for keyboard input  ttgetc() used some homebrew utf8 to unicode translation, limited to just the normal latin1 characters.  Use the utf8 helper functions to get it right for the more complex cases.  NOTE! We don't actually handle characters > 0xff right anyway.  And we still end up doing Latin1 in the buffers on input.  One small step at a time.  Signed-off-by: Linus Torvalds <torvalds@linux-foundation.org>",2012-07-11T00:36:30Z
torvalds,uemacs,6b793211c2aec69115dd2769892be0524801f7d8,torvalds,"Make cursor movement (largely) understand UTF-8 character boundaries  Ok, so it may do odd things if it's not truly utf-8, and when moving up and down lines that have utf-8 the cursor moves oddly (because the byte offset within the line stays constant, rather than the character offset), but with this you can actually open the UTF8 example file and move around it, and at least some of the movement makes sense.  Signed-off-by: Linus Torvalds <torvalds@linux-foundation.org>",2012-07-10T23:40:36Z
torvalds,uemacs,e62cdf04cff63381121364cd6ef077f00d72307a,torvalds,Split up the utf8 helper functions into a file of their own  Signed-off-by: Linus Torvalds <torvalds@linux-foundation.org>,2012-07-10T23:21:35Z
torvalds,uemacs,12e4647debb6016da2063feed7516ad835fffd08,torvalds,"Remove the old utf8_mode thing.  Let's just plan on being fully utf8 some day.  We're not there yet, and maybe we'll never be, but having the halfway mode is not useful either.  Signed-off-by: Linus Torvalds <torvalds@linux-foundation.org>",2012-07-10T22:09:31Z
torvalds,uemacs,cee00b0efb86c583a10f478a1d7d5b4b5a530a88,torvalds,"Show UTF-8 input as UTF-8 output  .. by doing the stupid ""convert to unicode value and back"" model.  This actually populates the 'struct video' array with the unicode values, so UTF8 input actually shows correctly.  In particular, the nice test-file (UTF-8-demo.txt) shows up not as garbage, but as the UTF-8 it is.  HOWEVER!  Since the *editing* doesn't know about UTF-8, and considers it just a stream of bytes, the end result is not actually a usable utf-8 editor. So don't get too excited yet: this is just a partial step to ""actually edit utf8 data""  NOTE NOTE NOTE! If the character buffer contains Latin1, we will transform that Latin1 to unicode, and then output it as UTF8.  And we will edit it correctly as the character-by-character data.  Also, we still do the ""UTF8 to Latin1"" translation on *input*, so with this commit we can actually continue to *edit* Latin1 text.  Signed-off-by: Linus Torvalds <torvalds@linux-foundation.org>",2012-07-10T22:08:17Z
torvalds,uemacs,e8f984a1b0dc4f5160bc8ccf16ae7df55ac7563d,torvalds,"Make the 'struct video' contain an array of unicode characters rather than bytes  This is disgusting.  And quite frankly, it's debatable whether this will ever work.  The ""line"" structure is still just an array of characters, so that has to work with utf-8.  But the 'struct video' thing is what represents the actual screen rectangle, and is fixed-size by the size of the screen.  So making it contain actual 32-bit unicode characters *may* make sense.  Right now we translate things the same way we always used to, though, so utf-8 in 'struct line' will not be translated to the proper unicode array, but to the bytes of the utf-8 representation.  So this really doesn't improve anything per se yet, just expands the memory use of the video array.  Signed-off-by: Linus Torvalds <torvalds@linux-foundation.org>",2012-07-10T21:24:23Z
torvalds,uemacs,2dddd4f970e9dd7aa415ec6b4f646273c5c92211,torvalds,"Show lines with a single helper function, not one byte at a time  Let's see how hard it is to show UTF-8 characters properly.  Signed-off-by: Linus Torvalds <torvalds@linux-foundation.org>",2012-07-10T20:38:41Z
torvalds,uemacs,1d0cfd02760c39c0c1ae0790d69391f29e19271e,naota,Make uemacs build on FreeBSD.  See <https://bugs.gentoo.org/show_bug.cgi?id=387135>.  Signed-off-by: Ulrich Müller <ulm@gentoo.org> Signed-off-by: Linus Torvalds <torvalds@linux-foundation.org>,2012-05-26T14:06:28Z
